date,MACD_Gordon,MACD_Dead
1997-01-02,0,0
1997-01-03,0,0
1997-01-06,0,0
1997-01-07,0,0
1997-01-08,0,0
1997-01-09,0,0
1997-01-10,0,0
1997-01-13,0,0
1997-01-14,0,0
1997-01-15,0,0
1997-01-16,0,0
1997-01-17,0,0
1997-01-20,0,0
1997-01-21,0,0
1997-01-22,0,0
1997-01-23,0,0
1997-01-24,0,0
1997-01-27,0,0
1997-01-28,0,0
1997-01-29,0,0
1997-01-30,0,0
1997-01-31,0,0
1997-02-17,0,0
1997-02-18,0,0
1997-02-19,0,0
1997-02-20,0,0
1997-02-21,0,0
1997-02-24,0,0
1997-02-25,0,0
1997-02-26,0,0
1997-02-27,0,0
1997-02-28,0,0
1997-03-03,0,0
1997-03-04,0,0
1997-03-05,0,0
1997-03-06,0,0
1997-03-07,0,0
1997-03-10,0,0
1997-03-11,0,0
1997-03-12,0,0
1997-03-13,0,0
1997-03-14,0,0
1997-03-17,0,0
1997-03-18,0,0
1997-03-19,0,0
1997-03-20,0,0
1997-03-21,0,0
1997-03-24,0,0
1997-03-25,0,0
1997-03-26,0,0
1997-03-27,0,0
1997-03-28,0,0
1997-03-31,0,0
1997-04-01,0,0
1997-04-02,0,0
1997-04-03,0,0
1997-04-04,0,0
1997-04-07,0,0
1997-04-08,0,0
1997-04-09,0,0
1997-04-10,0,0
1997-04-11,0,0
1997-04-14,0,0
1997-04-15,0,0
1997-04-16,0,0
1997-04-17,0,0
1997-04-18,0,0
1997-04-21,0,0
1997-04-22,0,0
1997-04-23,0,0
1997-04-24,0,0
1997-04-25,0,0
1997-04-28,0,0
1997-04-29,0,0
1997-04-30,0,0
1997-05-05,0,0
1997-05-06,0,0
1997-05-07,0,0
1997-05-08,0,0
1997-05-09,0,0
1997-05-12,0,0
1997-05-13,0,0
1997-05-14,0,0
1997-05-15,0,0
1997-05-16,0,0
1997-05-19,0,0
1997-05-20,0,0
1997-05-21,0,0
1997-05-22,0,0
1997-05-23,0,0
1997-05-26,0,0
1997-05-27,0,0
1997-05-28,0,0
1997-05-29,0,0
1997-05-30,0,0
1997-06-02,0,0
1997-06-03,0,0
1997-06-04,0,0
1997-06-05,0,0
1997-06-06,0,0
1997-06-09,0,0
1997-06-10,0,0
1997-06-11,0,0
1997-06-12,0,0
1997-06-13,0,0
1997-06-16,0,0
1997-06-17,0,0
1997-06-18,0,0
1997-06-19,0,0
1997-06-20,0,0
1997-06-23,0,0
1997-06-24,0,0
1997-06-25,0,0
1997-06-26,0,0
1997-06-27,0,0
1997-07-02,0,0
1997-07-03,0,0
1997-07-04,0,0
1997-07-07,0,0
1997-07-08,0,0
1997-07-09,1,0
1997-07-10,7,4
1997-07-11,24,0
1997-07-14,85,0
1997-07-15,101,0
1997-07-16,52,4
1997-07-17,36,2
1997-07-18,39,2
1997-07-21,15,10
1997-07-22,24,1
1997-07-23,10,8
1997-07-24,0,16
1997-07-25,1,23
1997-07-28,1,35
1997-07-29,3,29
1997-07-30,14,3
1997-07-31,16,6
1997-08-01,12,4
1997-08-04,9,9
1997-08-05,10,5
1997-08-06,3,15
1997-08-07,5,4
1997-08-08,6,16
1997-08-11,4,30
1997-08-12,0,38
1997-08-13,0,51
1997-08-14,13,10
1997-08-15,5,27
1997-08-18,8,46
1997-08-19,4,27
1997-08-20,7,19
1997-08-21,39,3
1997-08-22,49,9
1997-08-25,68,10
1997-08-26,54,6
1997-08-27,49,4
1997-08-28,40,4
1997-08-29,27,9
1997-09-01,17,13
1997-09-02,18,11
1997-09-03,10,3
1997-09-04,18,5
1997-09-05,7,5
1997-09-08,8,13
1997-09-09,4,24
1997-09-10,11,10
1997-09-11,4,34
1997-09-12,2,77
1997-09-15,2,128
1997-09-16,1,44
1997-09-17,3,40
1997-09-18,7,15
1997-09-19,15,5
1997-09-22,1,57
1997-09-23,0,35
1997-09-24,7,0
1997-09-25,8,0
1997-09-26,7,1
1997-09-29,8,9
1997-09-30,6,2
1997-10-06,14,1
1997-10-07,17,4
1997-10-08,61,2
1997-10-09,90,2
1997-10-10,120,1
1997-10-13,50,2
1997-10-14,27,5
1997-10-15,35,3
1997-10-16,20,0
1997-10-17,15,3
1997-10-20,11,1
1997-10-21,6,2
1997-10-22,0,8
1997-10-23,0,17
1997-10-24,3,8
1997-10-27,7,0
1997-10-28,0,17
1997-10-29,1,16
1997-10-30,6,37
1997-10-31,8,15
1997-11-03,7,27
1997-11-04,7,23
1997-11-05,17,16
1997-11-06,13,37
1997-11-07,42,12
1997-11-10,22,39
1997-11-11,19,47
1997-11-12,5,82
1997-11-13,15,27
1997-11-14,21,28
1997-11-17,11,32
1997-11-18,6,44
1997-11-19,6,44
1997-11-20,3,47
1997-11-21,5,43
1997-11-24,2,27
1997-11-25,3,12
1997-11-26,6,2
1997-11-27,8,7
1997-11-28,13,2
1997-12-01,8,4
1997-12-02,25,4
1997-12-03,19,11
1997-12-04,29,1
1997-12-05,36,6
1997-12-08,57,9
1997-12-09,71,1
1997-12-10,82,3
1997-12-11,53,8
1997-12-12,30,13
1997-12-15,42,15
1997-12-16,29,6
1997-12-17,3,41
1997-12-18,9,46
1997-12-19,22,28
1997-12-22,14,37
1997-12-23,28,11
1997-12-24,27,4
1997-12-25,32,10
1997-12-26,44,12
1997-12-29,50,8
1997-12-30,7,18
1997-12-31,13,13
1998-01-05,28,2
1998-01-06,22,4
1998-01-07,20,6
1998-01-08,7,13
1998-01-09,8,17
1998-01-12,6,35
1998-01-13,1,140
1998-01-14,9,62
1998-01-15,29,17
1998-01-16,13,21
1998-01-19,6,38
1998-01-20,9,49
1998-01-21,7,48
1998-01-22,6,44
1998-01-23,31,15
1998-02-09,101,4
1998-02-10,67,11
1998-02-11,55,13
1998-02-12,26,15
1998-02-13,15,18
1998-02-16,18,38
1998-02-17,19,19
1998-02-18,4,30
1998-02-19,8,22
1998-02-20,7,43
1998-02-23,4,90
1998-02-24,8,44
1998-02-25,4,53
1998-02-26,7,28
1998-02-27,13,17
1998-03-02,8,20
1998-03-03,15,6
1998-03-04,15,8
1998-03-05,11,12
1998-03-06,10,12
1998-03-09,24,8
1998-03-10,19,18
1998-03-11,7,26
1998-03-12,5,18
1998-03-13,24,12
1998-03-16,47,3
1998-03-17,74,2
1998-03-18,45,10
1998-03-19,36,15
1998-03-20,34,23
1998-03-23,26,28
1998-03-24,40,7
1998-03-25,35,19
1998-03-26,37,21
1998-03-27,77,1
1998-03-30,87,1
1998-03-31,40,2
1998-04-01,22,6
1998-04-02,29,2
1998-04-03,16,3
1998-04-06,14,1
1998-04-07,6,2
1998-04-08,4,5
1998-04-09,3,12
1998-04-10,10,14
1998-04-13,5,20
1998-04-14,2,32
1998-04-15,8,22
1998-04-16,4,44
1998-04-17,8,65
1998-04-20,17,74
1998-04-21,10,46
1998-04-22,34,11
1998-04-23,27,33
1998-04-24,21,58
1998-04-27,20,60
1998-04-28,46,32
1998-04-29,27,19
1998-04-30,24,13
1998-05-04,40,19
1998-05-05,31,10
1998-05-06,25,20
1998-05-07,12,65
1998-05-08,46,29
1998-05-11,46,58
1998-05-12,15,37
1998-05-13,45,29
1998-05-14,32,26
1998-05-15,20,38
1998-05-18,19,34
1998-05-19,15,42
1998-05-20,13,40
1998-05-21,22,24
1998-05-22,38,8
1998-05-25,75,8
1998-05-26,40,10
1998-05-27,57,19
1998-05-28,28,24
1998-05-29,41,32
1998-06-01,46,23
1998-06-02,30,30
1998-06-03,20,20
1998-06-04,9,42
1998-06-05,14,61
1998-06-08,20,62
1998-06-09,7,118
1998-06-10,8,52
1998-06-11,1,51
1998-06-12,17,4
1998-06-15,7,12
1998-06-16,14,22
1998-06-17,11,16
1998-06-18,12,10
1998-06-19,33,3
1998-06-22,66,6
1998-06-23,58,6
1998-06-24,41,10
1998-06-25,17,37
1998-06-26,12,34
1998-06-29,9,63
1998-06-30,4,49
1998-07-01,2,40
1998-07-02,17,21
1998-07-03,14,8
1998-07-06,16,15
1998-07-07,13,8
1998-07-08,23,3
1998-07-09,33,4
1998-07-10,84,3
1998-07-13,73,7
1998-07-14,21,45
1998-07-15,24,13
1998-07-16,23,27
1998-07-17,13,45
1998-07-20,12,64
1998-07-21,33,8
1998-07-22,17,24
1998-07-23,49,10
1998-07-24,61,7
1998-07-27,53,9
1998-07-28,38,8
1998-07-29,22,33
1998-07-30,25,22
1998-07-31,32,18
1998-08-03,15,49
1998-08-04,10,30
1998-08-05,25,14
1998-08-06,15,28
1998-08-07,3,58
1998-08-10,5,106
1998-08-11,3,64
1998-08-12,2,51
1998-08-13,7,11
1998-08-14,5,21
1998-08-17,0,15
1998-08-18,3,10
1998-08-19,5,0
1998-08-20,23,2
1998-08-21,54,0
1998-08-24,77,0
1998-08-25,107,3
1998-08-26,82,4
1998-08-27,39,16
1998-08-28,22,29
1998-08-31,52,13
1998-09-01,56,25
1998-09-02,25,23
1998-09-03,34,6
1998-09-04,51,1
1998-09-07,38,2
1998-09-08,14,1
1998-09-09,21,0
1998-09-10,17,0
1998-09-11,15,3
1998-09-14,6,1
1998-09-15,6,3
1998-09-16,1,3
1998-09-17,1,10
1998-09-18,1,21
1998-09-21,3,19
1998-09-22,1,18
1998-09-23,1,13
1998-09-24,2,61
1998-09-25,6,22
1998-09-28,13,22
1998-09-29,14,31
1998-09-30,22,13
1998-10-05,23,36
1998-10-06,8,78
1998-10-07,13,95
1998-10-08,28,18
1998-10-09,32,19
1998-10-12,50,20
1998-10-13,32,14
1998-10-14,30,31
1998-10-15,37,20
1998-10-16,45,19
1998-10-19,49,37
1998-10-20,16,35
1998-10-21,3,147
1998-10-22,8,61
1998-10-23,14,53
1998-10-26,6,34
1998-10-27,22,11
1998-10-28,35,2
1998-10-29,23,13
1998-10-30,29,13
1998-11-02,61,18
1998-11-03,61,8
1998-11-04,40,14
1998-11-05,67,18
1998-11-06,59,11
1998-11-09,63,14
1998-11-10,38,12
1998-11-11,24,13
1998-11-12,13,26
1998-11-13,10,35
1998-11-16,14,26
1998-11-17,9,41
1998-11-18,6,39
1998-11-19,9,53
1998-11-20,11,50
1998-11-23,11,76
1998-11-24,8,38
1998-11-25,2,60
1998-11-26,9,68
1998-11-27,11,37
1998-11-30,7,22
1998-12-01,4,23
1998-12-02,15,18
1998-12-03,8,14
1998-12-04,4,24
1998-12-07,3,8
1998-12-08,13,6
1998-12-09,23,3
1998-12-10,6,11
1998-12-11,21,10
1998-12-14,7,19
1998-12-15,11,9
1998-12-16,10,4
1998-12-17,4,33
1998-12-18,8,11
1998-12-21,24,4
1998-12-22,44,0
1998-12-23,49,5
1998-12-24,63,4
1998-12-25,73,6
1998-12-28,21,28
1998-12-29,13,55
1998-12-30,36,20
1998-12-31,44,20
1999-01-04,10,69
1999-01-05,8,51
1999-01-06,33,4
1999-01-07,56,6
1999-01-08,199,0
1999-01-11,115,2
1999-01-12,37,9
1999-01-13,12,16
1999-01-14,18,24
1999-01-15,12,66
1999-01-18,28,44
1999-01-19,29,13
1999-01-20,12,8
1999-01-21,27,5
1999-01-22,31,10
1999-01-25,10,33
1999-01-26,16,34
1999-01-27,31,36
1999-01-28,12,48
1999-01-29,17,41
1999-02-01,8,81
1999-02-02,21,30
1999-02-03,14,45
1999-02-04,6,55
1999-02-05,2,89
1999-02-08,1,84
1999-02-09,21,6
1999-03-01,55,5
1999-03-02,66,3
1999-03-03,132,2
1999-03-04,81,2
1999-03-05,86,1
1999-03-08,48,7
1999-03-09,31,5
1999-03-10,15,5
1999-03-11,23,2
1999-03-12,17,8
1999-03-15,15,8
1999-03-16,8,9
1999-03-17,2,12
1999-03-18,9,31
1999-03-19,6,13
1999-03-22,6,29
1999-03-23,4,23
1999-03-24,6,34
1999-03-25,5,70
1999-03-26,13,67
1999-03-29,39,47
1999-03-30,5,66
1999-03-31,19,48
1999-04-01,64,36
1999-04-02,60,13
1999-04-05,87,16
1999-04-06,39,28
1999-04-07,25,32
1999-04-08,14,52
1999-04-09,19,52
1999-04-12,12,86
1999-04-13,9,84
1999-04-14,15,51
1999-04-15,7,56
1999-04-16,10,44
1999-04-19,19,31
1999-04-20,16,8
1999-04-21,9,30
1999-04-22,12,24
1999-04-23,27,12
1999-04-26,17,29
1999-04-27,5,29
1999-04-28,12,25
1999-04-29,12,7
1999-04-30,28,7
1999-05-04,36,2
1999-05-05,39,14
1999-05-06,98,4
1999-05-07,50,10
1999-05-10,2,143
1999-05-11,24,19
1999-05-12,37,11
1999-05-13,18,23
1999-05-14,9,46
1999-05-17,17,23
1999-05-18,11,18
1999-05-19,87,0
1999-05-20,209,0
1999-05-21,139,2
1999-05-24,90,1
1999-05-25,23,4
1999-05-26,25,2
1999-05-27,8,3
1999-05-28,7,5
1999-05-31,4,6
1999-06-01,4,3
1999-06-02,0,7
1999-06-03,2,21
1999-06-04,5,18
1999-06-07,10,10
1999-06-08,11,6
1999-06-09,11,11
1999-06-10,10,7
1999-06-11,17,16
1999-06-14,16,5
1999-06-15,2,39
1999-06-16,16,8
1999-06-17,13,10
1999-06-18,17,14
1999-06-21,14,5
1999-06-22,9,6
1999-06-23,14,2
1999-06-24,9,1
1999-06-25,1,23
1999-06-28,10,12
1999-06-29,9,16
1999-06-30,3,46
1999-07-01,1,213
1999-07-02,5,114
1999-07-05,20,74
1999-07-06,2,94
1999-07-07,4,28
1999-07-08,7,33
1999-07-09,23,18
1999-07-12,15,32
1999-07-13,6,34
1999-07-14,12,19
1999-07-15,7,18
1999-07-16,5,29
1999-07-19,4,16
1999-07-20,16,2
1999-07-21,35,6
1999-07-22,15,11
1999-07-23,37,6
1999-07-26,49,6
1999-07-27,40,13
1999-07-28,43,6
1999-07-29,39,15
1999-07-30,44,17
1999-08-02,70,7
1999-08-03,49,13
1999-08-04,87,7
1999-08-05,47,13
1999-08-06,23,44
1999-08-09,16,62
1999-08-10,6,84
1999-08-11,4,83
1999-08-12,11,73
1999-08-13,11,40
1999-08-16,13,38
1999-08-17,17,11
1999-08-18,28,13
1999-08-19,94,0
1999-08-20,75,2
1999-08-23,75,7
1999-08-24,69,7
1999-08-25,27,31
1999-08-26,26,23
1999-08-27,28,23
1999-08-30,15,60
1999-08-31,20,30
1999-09-01,8,83
1999-09-02,18,32
1999-09-03,10,78
1999-09-06,6,70
1999-09-07,9,39
1999-09-08,19,15
1999-09-09,162,0
1999-09-10,110,6
1999-09-13,80,4
1999-09-14,53,7
1999-09-15,13,28
1999-09-16,5,39
1999-09-17,9,31
1999-09-20,6,76
1999-09-21,2,93
1999-09-22,3,69
1999-09-23,3,85
1999-09-24,10,25
1999-09-27,10,39
1999-09-28,9,37
1999-09-29,6,22
1999-09-30,7,30
1999-10-08,7,28
1999-10-11,4,20
1999-10-12,8,4
1999-10-13,6,6
1999-10-14,9,6
1999-10-15,25,1
1999-10-18,10,10
1999-10-19,5,14
1999-10-20,9,9
1999-10-21,13,11
1999-10-22,33,4
1999-10-25,25,12
1999-10-26,41,3
1999-10-27,168,0
1999-10-28,121,4
1999-10-29,76,10
1999-11-01,36,34
1999-11-02,28,27
1999-11-03,14,43
1999-11-04,10,87
1999-11-05,22,43
1999-11-08,54,25
1999-11-09,31,31
1999-11-10,21,58
1999-11-11,24,42
1999-11-12,36,18
1999-11-15,55,21
1999-11-16,30,46
1999-11-17,89,8
1999-11-18,130,1
1999-11-19,39,10
1999-11-22,21,12
1999-11-23,20,9
1999-11-24,15,14
1999-11-25,7,22
1999-11-26,24,26
1999-11-29,14,64
1999-11-30,14,43
1999-12-01,36,14
1999-12-02,14,31
1999-12-03,19,25
1999-12-06,24,46
1999-12-07,21,27
1999-12-08,14,42
1999-12-09,21,59
1999-12-10,33,40
1999-12-13,15,57
1999-12-14,22,41
1999-12-15,71,8
1999-12-16,17,26
1999-12-17,16,47
1999-12-21,7,94
1999-12-22,11,71
1999-12-23,3,64
1999-12-24,3,42
1999-12-27,4,40
1999-12-28,11,12
1999-12-29,22,12
1999-12-30,33,3
2000-01-04,106,0
2000-01-05,124,0
2000-01-06,233,1
2000-01-07,131,1
2000-01-10,25,0
2000-01-11,1,2
2000-01-12,2,18
2000-01-13,3,48
2000-01-14,1,125
2000-01-17,9,85
2000-01-18,13,75
2000-01-19,44,35
2000-01-20,72,3
2000-01-21,35,25
2000-01-24,52,50
2000-01-25,47,21
2000-01-26,50,18
2000-01-27,36,34
2000-01-28,56,7
2000-02-14,141,0
2000-02-15,12,0
2000-02-16,7,7
2000-02-17,7,31
2000-02-18,1,30
2000-02-21,6,26
2000-02-22,9,45
2000-02-23,9,90
2000-02-24,9,55
2000-02-25,7,75
2000-02-28,55,14
2000-02-29,40,27
2000-03-01,34,24
2000-03-02,25,31
2000-03-03,39,26
2000-03-06,10,91
2000-03-07,15,62
2000-03-08,16,34
2000-03-09,23,35
2000-03-10,6,77
2000-03-13,33,34
2000-03-14,11,71
2000-03-15,38,46
2000-03-16,3,85
2000-03-17,19,19
2000-03-20,60,8
2000-03-21,73,2
2000-03-22,50,5
2000-03-23,77,4
2000-03-24,35,12
2000-03-27,101,7
2000-03-28,84,4
2000-03-29,27,16
2000-03-30,37,14
2000-03-31,26,21
2000-04-03,26,51
2000-04-04,7,120
2000-04-05,8,96
2000-04-06,46,22
2000-04-07,62,28
2000-04-10,57,23
2000-04-11,23,40
2000-04-12,10,70
2000-04-13,20,45
2000-04-14,27,54
2000-04-17,25,103
2000-04-18,16,27
2000-04-19,30,19
2000-04-20,43,17
2000-04-21,31,39
2000-04-24,25,48
2000-04-25,18,42
2000-04-26,18,38
2000-04-27,6,76
2000-04-28,34,31
2000-05-08,29,14
2000-05-09,13,35
2000-05-10,4,47
2000-05-11,6,49
2000-05-12,7,22
2000-05-15,13,13
2000-05-16,11,4
2000-05-17,12,4
2000-05-18,26,2
2000-05-19,43,0
2000-05-22,140,1
2000-05-23,156,2
2000-05-24,184,2
2000-05-25,108,5
2000-05-26,33,4
2000-05-29,12,10
2000-05-30,9,24
2000-05-31,6,15
2000-06-01,7,20
2000-06-02,10,21
2000-06-05,2,53
2000-06-06,16,26
2000-06-07,14,26
2000-06-08,9,55
2000-06-09,4,72
2000-06-12,11,49
2000-06-13,18,24
2000-06-14,24,43
2000-06-15,33,26
2000-06-16,19,44
2000-06-19,25,74
2000-06-20,10,96
2000-06-21,30,56
2000-06-22,35,40
2000-06-23,50,24
2000-06-26,63,10
2000-06-27,62,27
2000-06-28,51,25
2000-06-29,27,46
2000-06-30,17,65
2000-07-03,8,102
2000-07-04,21,30
2000-07-05,12,42
2000-07-06,15,26
2000-07-07,37,6
2000-07-10,48,10
2000-07-11,68,5
2000-07-12,71,12
2000-07-13,71,24
2000-07-14,40,36
2000-07-17,40,56
2000-07-18,50,28
2000-07-19,47,23
2000-07-20,33,41
2000-07-21,33,39
2000-07-24,41,57
2000-07-25,22,31
2000-07-26,27,17
2000-07-27,43,28
2000-07-28,35,34
2000-07-31,36,19
2000-08-01,29,24
2000-08-02,29,21
2000-08-03,24,20
2000-08-04,25,50
2000-08-07,29,40
2000-08-08,25,28
2000-08-09,35,28
2000-08-10,42,33
2000-08-11,28,29
2000-08-14,45,20
2000-08-15,29,36
2000-08-16,37,28
2000-08-17,25,43
2000-08-18,33,25
2000-08-21,51,31
2000-08-22,9,89
2000-08-23,11,121
2000-08-24,18,57
2000-08-25,18,26
2000-08-28,63,13
2000-08-29,48,14
2000-08-30,21,47
2000-08-31,9,123
2000-09-01,2,84
2000-09-04,8,26
2000-09-05,4,33
2000-09-06,8,20
2000-09-07,15,8
2000-09-08,14,6
2000-09-11,20,7
2000-09-12,32,2
2000-09-13,39,3
2000-09-14,39,6
2000-09-15,63,11
2000-09-18,29,37
2000-09-19,9,78
2000-09-20,19,26
2000-09-21,24,18
2000-09-22,22,29
2000-09-25,17,32
2000-09-26,25,18
2000-09-27,65,9
2000-09-28,38,15
2000-09-29,91,5
2000-10-09,123,11
2000-10-10,132,3
2000-10-11,65,6
2000-10-12,25,11
2000-10-13,14,22
2000-10-16,15,32
2000-10-17,16,24
2000-10-18,29,21
2000-10-19,13,25
2000-10-20,56,26
2000-10-23,30,5
2000-10-24,28,9
2000-10-25,26,4
2000-10-26,16,20
2000-10-27,17,14
2000-10-30,9,27
2000-10-31,6,28
2000-11-01,10,21
2000-11-02,15,22
2000-11-03,14,29
2000-11-06,19,30
2000-11-07,21,24
2000-11-08,30,20
2000-11-09,35,9
2000-11-10,25,16
2000-11-13,38,16
2000-11-14,30,10
2000-11-15,25,13
2000-11-16,26,7
2000-11-17,18,18
2000-11-20,17,22
2000-11-21,11,39
2000-11-22,23,17
2000-11-23,25,25
2000-11-24,8,172
2000-11-27,9,189
2000-11-28,28,47
2000-11-29,15,56
2000-11-30,23,34
2000-12-01,20,20
2000-12-04,45,22
2000-12-05,42,25
2000-12-06,25,65
2000-12-07,14,73
2000-12-08,17,34
2000-12-11,14,58
2000-12-12,19,19
2000-12-13,23,20
2000-12-14,24,30
2000-12-15,16,30
2000-12-18,44,27
2000-12-19,27,19
2000-12-20,64,9
2000-12-21,62,9
2000-12-22,49,20
2000-12-25,53,24
2000-12-26,56,10
2000-12-27,31,52
2000-12-28,33,55
2000-12-29,67,38
2001-01-02,126,12
2001-01-03,94,5
2001-01-04,52,15
2001-01-05,26,22
2001-01-08,16,60
2001-01-09,7,63
2001-01-10,20,25
2001-01-11,25,35
2001-01-12,13,57
2001-01-15,4,181
2001-01-16,5,103
2001-01-17,9,60
2001-01-18,7,31
2001-01-19,27,8
2001-02-05,6,25
2001-02-06,13,37
2001-02-07,14,29
2001-02-08,4,34
2001-02-09,8,12
2001-02-12,18,10
2001-02-13,14,10
2001-02-14,18,5
2001-02-15,18,12
2001-02-16,19,17
2001-02-19,56,6
2001-02-20,63,11
2001-02-21,15,52
2001-02-22,30,33
2001-02-23,67,5
2001-02-26,122,3
2001-02-27,144,2
2001-02-28,89,4
2001-03-01,66,4
2001-03-02,90,4
2001-03-05,61,2
2001-03-06,35,7
2001-03-07,27,2
2001-03-08,17,5
2001-03-09,17,10
2001-03-12,6,18
2001-03-13,3,18
2001-03-14,15,10
2001-03-15,4,10
2001-03-16,5,21
2001-03-19,20,15
2001-03-20,14,9
2001-03-21,18,7
2001-03-22,17,3
2001-03-23,7,20
2001-03-26,12,11
2001-03-27,17,8
2001-03-28,13,7
2001-03-29,7,11
2001-03-30,9,18
2001-04-02,16,16
2001-04-03,8,27
2001-04-04,4,104
2001-04-05,7,84
2001-04-06,6,119
2001-04-09,31,78
2001-04-10,39,41
2001-04-11,31,39
2001-04-12,45,43
2001-04-13,48,43
2001-04-16,87,25
2001-04-17,74,40
2001-04-18,44,53
2001-04-19,26,70
2001-04-20,12,90
2001-04-23,33,80
2001-04-24,30,44
2001-04-25,6,118
2001-04-26,7,97
2001-04-27,17,41
2001-04-30,12,30
2001-05-08,32,10
2001-05-09,32,11
2001-05-10,57,8
2001-05-11,68,5
2001-05-14,107,7
2001-05-15,126,7
2001-05-16,116,12
2001-05-17,63,31
2001-05-18,36,17
2001-05-21,34,34
2001-05-22,27,28
2001-05-23,19,76
2001-05-24,18,70
2001-05-25,13,76
2001-05-28,17,69
2001-05-29,17,67
2001-05-30,52,12
2001-05-31,49,20
2001-06-01,71,23
2001-06-04,91,20
2001-06-05,53,27
2001-06-06,56,26
2001-06-07,26,46
2001-06-08,22,47
2001-06-11,9,51
2001-06-12,30,43
2001-06-13,54,26
2001-06-14,6,100
2001-06-15,23,61
2001-06-18,10,122
2001-06-19,10,76
2001-06-20,7,49
2001-06-21,25,10
2001-06-22,42,6
2001-06-25,73,1
2001-06-26,85,8
2001-06-27,55,17
2001-06-28,43,36
2001-06-29,27,47
2001-07-02,24,66
2001-07-03,27,45
2001-07-04,16,50
2001-07-05,17,69
2001-07-06,14,66
2001-07-09,18,39
2001-07-10,38,3
2001-07-11,17,20
2001-07-12,27,26
2001-07-13,21,27
2001-07-16,25,44
2001-07-17,20,29
2001-07-18,26,18
2001-07-19,33,14
2001-07-20,94,2
2001-07-23,105,10
2001-07-24,26,56
2001-07-25,11,87
2001-07-26,15,77
2001-07-27,6,77
2001-07-30,1,127
2001-07-31,0,23
2001-08-01,3,2
2001-08-02,12,4
2001-08-03,10,9
2001-08-06,7,7
2001-08-07,10,4
2001-08-08,12,5
2001-08-09,52,1
2001-08-10,120,1
2001-08-13,200,2
2001-08-14,158,7
2001-08-15,135,2
2001-08-16,35,16
2001-08-17,37,22
2001-08-20,58,3
2001-08-21,57,7
2001-08-22,3,35
2001-08-23,14,20
2001-08-24,5,55
2001-08-27,0,223
2001-08-28,13,99
2001-08-29,21,25
2001-08-30,17,44
2001-08-31,37,14
2001-09-03,23,45
2001-09-04,168,4
2001-09-05,109,0
2001-09-06,72,7
2001-09-07,0,75
2001-09-10,90,4
2001-09-11,50,15
2001-09-12,15,37
2001-09-13,11,38
2001-09-14,5,93
2001-09-17,2,160
2001-09-18,10,60
2001-09-19,55,7
2001-09-20,53,11
2001-09-21,26,38
2001-09-24,15,31
2001-09-25,32,33
2001-09-26,6,58
2001-09-27,14,78
2001-09-28,32,54
2001-10-08,12,133
2001-10-09,22,18
2001-10-10,5,96
2001-10-11,3,93
2001-10-12,30,7
2001-10-15,41,8
2001-10-16,20,10
2001-10-17,17,16
2001-10-18,10,25
2001-10-19,2,48
2001-10-22,2,33
2001-10-23,137,0
2001-10-24,361,2
2001-10-25,186,7
2001-10-26,93,13
2001-10-29,69,5
2001-10-30,12,7
2001-10-31,12,5
2001-11-01,18,4
2001-11-02,10,4
2001-11-05,6,21
2001-11-06,4,21
2001-11-07,0,95
2001-11-08,4,123
2001-11-09,38,45
2001-11-12,23,66
2001-11-13,21,75
2001-11-14,39,38
2001-11-15,57,14
2001-11-16,165,0
2001-11-19,100,4
2001-11-20,57,5
2001-11-21,33,3
2001-11-22,13,2
2001-11-23,10,1
2001-11-26,6,3
2001-11-27,5,0
2001-11-28,4,0
2001-11-29,2,5
2001-11-30,4,4
2001-12-03,8,8
2001-12-04,4,6
2001-12-05,2,23
2001-12-06,3,29
2001-12-07,3,47
2001-12-10,5,56
2001-12-11,3,84
2001-12-12,2,218
2001-12-13,0,272
2001-12-14,2,132
2001-12-17,5,46
2001-12-18,11,8
2001-12-19,5,13
2001-12-20,3,31
2001-12-21,9,11
2001-12-24,6,12
2001-12-25,6,4
2001-12-26,18,2
2001-12-27,20,2
2001-12-28,38,6
2001-12-31,67,5
2002-01-04,12,47
2002-01-07,9,46
2002-01-08,12,26
2002-01-09,4,33
2002-01-10,19,6
2002-01-11,11,11
2002-01-14,5,41
2002-01-15,1,16
2002-01-16,5,9
2002-01-17,2,8
2002-01-18,6,6
2002-01-21,6,3
2002-01-22,9,4
2002-01-23,50,0
2002-01-24,80,0
2002-01-25,93,1
2002-01-28,14,67
2002-01-29,82,8
2002-01-30,132,8
2002-01-31,439,0
2002-02-01,103,0
2002-02-04,39,1
2002-02-05,5,0
2002-02-06,3,3
2002-02-07,6,1
2002-02-08,1,2
2002-02-25,2,2
2002-02-26,0,2
2002-02-27,2,1
2002-02-28,0,2
2002-03-01,4,9
2002-03-04,0,6
2002-03-05,13,0
2002-03-06,5,1
2002-03-07,9,3
2002-03-08,8,0
2002-03-11,4,3
2002-03-12,0,4
2002-03-13,2,12
2002-03-14,0,8
2002-03-15,4,31
2002-03-18,1,54
2002-03-19,18,10
2002-03-20,29,8
2002-03-21,11,11
2002-03-22,5,34
2002-03-25,7,57
2002-03-26,5,184
2002-03-27,6,163
2002-03-28,4,137
2002-03-29,5,196
2002-04-01,15,62
2002-04-02,6,55
2002-04-03,15,20
2002-04-04,30,4
2002-04-05,27,9
2002-04-08,32,12
2002-04-09,98,3
2002-04-10,135,3
2002-04-11,27,85
2002-04-12,55,45
2002-04-15,48,67
2002-04-16,32,66
2002-04-17,34,35
2002-04-18,9,92
2002-04-19,14,40
2002-04-22,29,41
2002-04-23,14,31
2002-04-24,12,44
2002-04-25,17,30
2002-04-26,57,4
2002-04-29,173,3
2002-04-30,188,3
2002-05-08,50,25
2002-05-09,44,42
2002-05-10,21,86
2002-05-13,8,124
2002-05-14,9,107
2002-05-15,5,94
2002-05-16,2,123
2002-05-17,9,22
2002-05-20,3,12
2002-05-21,21,3
2002-05-22,32,4
2002-05-23,36,5
2002-05-24,14,17
2002-05-27,30,9
2002-05-28,36,10
2002-05-29,4,54
2002-05-30,18,27
2002-05-31,12,37
2002-06-03,5,44
2002-06-04,12,11
2002-06-05,8,30
2002-06-06,77,2
2002-06-07,118,0
2002-06-10,126,4
2002-06-11,148,1
2002-06-12,100,10
2002-06-13,36,16
2002-06-14,14,73
2002-06-17,20,40
2002-06-18,167,0
2002-06-19,41,15
2002-06-20,65,3
2002-06-21,169,1
2002-06-24,59,0
2002-06-25,6,2
2002-06-26,1,7
2002-06-27,0,5
2002-06-28,0,5
2002-07-01,1,9
2002-07-02,0,3
2002-07-03,2,11
2002-07-04,2,13
2002-07-05,2,23
2002-07-08,6,12
2002-07-09,8,40
2002-07-10,2,165
2002-07-11,5,246
2002-07-12,14,165
2002-07-15,8,118
2002-07-16,14,76
2002-07-17,16,25
2002-07-18,25,20
2002-07-19,29,19
2002-07-22,8,42
2002-07-23,12,44
2002-07-24,14,37
2002-07-25,5,21
2002-07-26,8,31
2002-07-29,12,14
2002-07-30,21,7
2002-07-31,8,12
2002-08-01,20,8
2002-08-02,27,3
2002-08-05,25,8
2002-08-06,37,6
2002-08-07,35,11
2002-08-08,25,19
2002-08-09,16,42
2002-08-12,11,53
2002-08-13,14,18
2002-08-14,35,6
2002-08-15,19,22
2002-08-16,56,5
2002-08-19,53,14
2002-08-20,158,5
2002-08-21,169,3
2002-08-22,206,3
2002-08-23,77,4
2002-08-26,19,47
2002-08-27,54,27
2002-08-28,28,39
2002-08-29,4,70
2002-08-30,13,61
2002-09-02,27,53
2002-09-03,29,25
2002-09-04,21,87
2002-09-05,7,224
2002-09-06,1,194
2002-09-09,9,101
2002-09-10,17,27
2002-09-11,17,15
2002-09-12,11,6
2002-09-13,23,10
2002-09-16,5,36
2002-09-17,10,28
2002-09-18,11,24
2002-09-19,56,11
2002-09-20,32,11
2002-09-23,52,17
2002-09-24,36,27
2002-09-25,37,27
2002-09-26,26,51
2002-09-27,22,44
2002-10-08,11,60
2002-10-09,7,78
2002-10-10,7,27
2002-10-11,9,18
2002-10-14,29,5
2002-10-15,29,5
2002-10-16,56,4
2002-10-17,14,13
2002-10-18,49,9
2002-10-21,72,8
2002-10-22,202,0
2002-10-23,181,5
2002-10-24,61,10
2002-10-25,23,49
2002-10-28,8,123
2002-10-29,42,49
2002-10-30,51,48
2002-10-31,29,33
2002-11-01,52,23
2002-11-04,167,8
2002-11-05,190,0
2002-11-06,57,7
2002-11-07,19,1
2002-11-08,7,44
2002-11-11,4,122
2002-11-12,1,427
2002-11-13,9,138
2002-11-14,0,116
2002-11-15,7,24
2002-11-18,8,27
2002-11-19,25,10
2002-11-20,6,40
2002-11-21,2,39
2002-11-22,11,14
2002-11-25,15,9
2002-11-26,1,16
2002-11-27,22,4
2002-11-28,69,0
2002-11-29,265,0
2002-12-02,56,18
2002-12-03,170,6
2002-12-04,201,2
2002-12-05,70,8
2002-12-06,65,4
2002-12-09,27,9
2002-12-10,6,34
2002-12-11,10,40
2002-12-12,27,17
2002-12-13,43,12
2002-12-16,43,4
2002-12-17,22,4
2002-12-18,20,10
2002-12-19,6,1
2002-12-20,21,2
2002-12-23,11,7
2002-12-24,3,6
2002-12-25,2,14
2002-12-26,0,41
2002-12-27,7,88
2002-12-30,2,224
2002-12-31,7,274
2003-01-02,2,214
2003-01-03,9,61
2003-01-06,28,22
2003-01-07,53,14
2003-01-08,201,1
2003-01-09,355,1
2003-01-10,137,6
2003-01-13,56,4
2003-01-14,101,0
2003-01-15,5,4
2003-01-16,9,2
2003-01-17,5,4
2003-01-20,4,3
2003-01-21,2,9
2003-01-22,3,13
2003-01-23,0,21
2003-01-24,4,14
2003-01-27,12,8
2003-01-28,4,8
2003-01-29,12,11
2003-02-10,5,53
2003-02-11,20,36
2003-02-12,31,10
2003-02-13,18,26
2003-02-14,21,18
2003-02-17,9,88
2003-02-18,9,98
2003-02-19,28,41
2003-02-20,14,65
2003-02-21,5,277
2003-02-24,14,152
2003-02-25,69,9
2003-02-26,63,16
2003-02-27,48,44
2003-02-28,39,56
2003-03-03,69,22
2003-03-04,65,25
2003-03-05,26,82
2003-03-06,9,162
2003-03-07,14,83
2003-03-10,14,81
2003-03-11,4,25
2003-03-12,10,15
2003-03-13,11,8
2003-03-14,10,16
2003-03-17,17,15
2003-03-18,11,20
2003-03-19,19,18
2003-03-20,25,12
2003-03-21,32,6
2003-03-24,23,7
2003-03-25,27,14
2003-03-26,20,29
2003-03-27,103,1
2003-03-28,155,9
2003-03-31,222,9
2003-04-01,174,9
2003-04-02,88,11
2003-04-03,34,20
2003-04-04,25,25
2003-04-07,10,100
2003-04-08,11,152
2003-04-09,31,91
2003-04-10,65,39
2003-04-11,101,27
2003-04-14,158,6
2003-04-15,99,5
2003-04-16,21,20
2003-04-17,12,29
2003-04-18,20,22
2003-04-21,9,89
2003-04-22,10,131
2003-04-23,9,185
2003-04-24,4,230
2003-04-25,4,131
2003-04-28,25,33
2003-04-29,5,29
2003-04-30,16,35
2003-05-12,36,22
2003-05-13,11,38
2003-05-14,33,7
2003-05-15,43,5
2003-05-16,52,3
2003-05-19,84,1
2003-05-20,61,12
2003-05-21,70,21
2003-05-22,90,16
2003-05-23,154,5
2003-05-26,142,16
2003-05-27,108,21
2003-05-28,42,33
2003-05-29,28,22
2003-05-30,39,17
2003-06-02,32,23
2003-06-03,9,27
2003-06-04,9,22
2003-06-05,3,41
2003-06-06,3,92
2003-06-09,1,120
2003-06-10,15,67
2003-06-11,79,6
2003-06-12,51,19
2003-06-13,56,8
2003-06-16,38,14
2003-06-17,20,23
2003-06-18,15,40
2003-06-19,9,80
2003-06-20,8,111
2003-06-23,4,142
2003-06-24,9,75
2003-06-25,7,81
2003-06-26,33,47
2003-06-27,14,69
2003-06-30,13,47
2003-07-01,9,25
2003-07-02,20,26
2003-07-03,25,11
2003-07-04,47,13
2003-07-07,74,15
2003-07-08,121,6
2003-07-09,80,16
2003-07-10,219,5
2003-07-11,139,10
2003-07-14,50,32
2003-07-15,47,22
2003-07-16,41,29
2003-07-17,49,31
2003-07-18,9,159
2003-07-21,5,237
2003-07-22,18,70
2003-07-23,48,37
2003-07-24,32,46
2003-07-25,18,72
2003-07-28,31,80
2003-07-29,35,36
2003-07-30,40,25
2003-07-31,38,26
2003-08-01,59,20
2003-08-04,181,8
2003-08-05,125,11
2003-08-06,110,18
2003-08-07,64,22
2003-08-08,23,68
2003-08-11,37,39
2003-08-12,43,12
2003-08-13,19,53
2003-08-14,16,51
2003-08-15,17,54
2003-08-18,13,56
2003-08-19,36,18
2003-08-20,28,40
2003-08-21,35,27
2003-08-22,32,33
2003-08-25,20,122
2003-08-26,31,70
2003-08-27,40,52
2003-08-28,33,61
2003-08-29,40,37
2003-09-01,185,3
2003-09-02,115,10
2003-09-03,109,6
2003-09-04,76,14
2003-09-05,18,53
2003-09-08,13,84
2003-09-09,18,64
2003-09-10,26,57
2003-09-11,36,39
2003-09-12,13,134
2003-09-15,7,194
2003-09-16,33,62
2003-09-17,17,70
2003-09-18,29,40
2003-09-19,43,30
2003-09-22,35,21
2003-09-23,76,22
2003-09-24,123,12
2003-09-25,31,54
2003-09-26,23,63
2003-09-29,16,147
2003-09-30,50,32
2003-10-08,91,19
2003-10-09,53,22
2003-10-10,195,2
2003-10-13,130,7
2003-10-14,43,22
2003-10-15,51,24
2003-10-16,7,98
2003-10-17,17,72
2003-10-20,13,123
2003-10-21,24,71
2003-10-22,148,4
2003-10-23,53,20
2003-10-24,29,54
2003-10-27,14,110
2003-10-28,22,96
2003-10-29,10,109
2003-10-30,5,89
2003-10-31,15,37
2003-11-03,36,9
2003-11-04,81,1
2003-11-05,40,12
2003-11-06,18,58
2003-11-07,8,58
2003-11-10,14,31
2003-11-11,29,19
2003-11-12,13,47
2003-11-13,41,45
2003-11-14,71,14
2003-11-17,109,14
2003-11-18,80,39
2003-11-19,168,13
2003-11-20,216,1
2003-11-21,61,5
2003-11-24,75,3
2003-11-25,55,1
2003-11-26,32,9
2003-11-27,5,18
2003-11-28,10,4
2003-12-01,29,10
2003-12-02,18,2
2003-12-03,12,6
2003-12-04,7,10
2003-12-05,9,8
2003-12-08,5,38
2003-12-09,6,19
2003-12-10,9,16
2003-12-11,11,23
2003-12-12,8,26
2003-12-15,11,29
2003-12-16,7,99
2003-12-17,7,170
2003-12-18,17,237
2003-12-19,30,200
2003-12-22,50,57
2003-12-23,40,33
2003-12-24,47,8
2003-12-25,46,11
2003-12-26,31,20
2003-12-29,34,30
2003-12-30,43,33
2003-12-31,26,68
2004-01-02,51,46
2004-01-05,89,23
2004-01-06,86,38
2004-01-07,93,20
2004-01-08,148,14
2004-01-09,102,29
2004-01-12,103,11
2004-01-13,96,20
2004-01-14,39,30
2004-01-15,16,36
2004-01-16,21,19
2004-01-29,47,8
2004-01-30,24,39
2004-02-02,34,19
2004-02-03,32,6
2004-02-04,32,5
2004-02-05,27,2
2004-02-06,14,24
2004-02-09,23,11
2004-02-10,10,23
2004-02-11,5,34
2004-02-12,7,36
2004-02-13,6,44
2004-02-16,25,15
2004-02-17,37,13
2004-02-18,38,18
2004-02-19,28,38
2004-02-20,20,34
2004-02-23,6,165
2004-02-24,19,224
2004-02-25,3,273
2004-02-26,5,145
2004-02-27,18,33
2004-03-01,38,14
2004-03-02,22,19
2004-03-03,9,48
2004-03-04,24,24
2004-03-05,14,28
2004-03-08,5,55
2004-03-09,6,30
2004-03-10,18,7
2004-03-11,34,2
2004-03-12,32,9
2004-03-15,86,1
2004-03-16,104,6
2004-03-17,100,11
2004-03-18,31,75
2004-03-19,83,16
2004-03-22,116,17
2004-03-23,88,29
2004-03-24,79,53
2004-03-25,63,49
2004-03-26,51,58
2004-03-29,42,118
2004-03-30,54,73
2004-03-31,94,17
2004-04-01,79,10
2004-04-02,104,11
2004-04-05,73,20
2004-04-06,79,9
2004-04-07,44,19
2004-04-08,27,49
2004-04-09,8,235
2004-04-12,13,179
2004-04-13,16,127
2004-04-14,6,106
2004-04-15,7,111
2004-04-16,11,53
2004-04-19,14,41
2004-04-20,10,29
2004-04-21,6,24
2004-04-22,12,20
2004-04-23,1,27
2004-04-26,12,10
2004-04-27,15,13
2004-04-28,9,7
2004-04-29,7,20
2004-04-30,12,12
2004-05-10,8,19
2004-05-11,15,10
2004-05-12,73,0
2004-05-13,67,2
2004-05-14,42,8
2004-05-17,38,16
2004-05-18,111,11
2004-05-19,150,2
2004-05-20,88,13
2004-05-21,98,7
2004-05-24,50,28
2004-05-25,10,153
2004-05-26,20,91
2004-05-27,122,9
2004-05-28,70,11
2004-05-31,82,8
2004-06-01,183,2
2004-06-02,86,12
2004-06-03,13,35
2004-06-04,22,37
2004-06-07,6,111
2004-06-08,4,133
2004-06-09,3,272
2004-06-10,7,170
2004-06-11,22,51
2004-06-14,9,102
2004-06-15,30,20
2004-06-16,53,6
2004-06-17,21,26
2004-06-18,24,37
2004-06-21,93,13
2004-06-22,170,3
2004-06-23,132,11
2004-06-24,87,19
2004-06-25,21,114
2004-06-28,28,175
2004-06-29,54,54
2004-06-30,25,67
2004-07-01,186,0
2004-07-02,148,7
2004-07-05,125,8
2004-07-06,90,4
2004-07-07,43,17
2004-07-08,42,12
2004-07-09,27,15
2004-07-12,2,132
2004-07-13,5,101
2004-07-14,11,131
2004-07-15,34,43
2004-07-16,162,4
2004-07-19,88,2
2004-07-20,48,14
2004-07-21,43,22
2004-07-22,9,57
2004-07-23,32,49
2004-07-26,16,107
2004-07-27,10,102
2004-07-28,46,64
2004-07-29,123,7
2004-07-30,38,29
2004-08-02,20,69
2004-08-03,38,76
2004-08-04,136,4
2004-08-05,62,31
2004-08-06,37,25
2004-08-09,30,27
2004-08-10,43,15
2004-08-11,13,40
2004-08-12,6,133
2004-08-13,22,88
2004-08-16,8,145
2004-08-17,17,79
2004-08-18,32,53
2004-08-19,16,101
2004-08-20,37,37
2004-08-23,36,51
2004-08-24,119,12
2004-08-25,86,14
2004-08-26,51,18
2004-08-27,33,38
2004-08-30,58,37
2004-08-31,155,5
2004-09-01,65,21
2004-09-02,109,11
2004-09-03,62,12
2004-09-06,46,19
2004-09-07,31,11
2004-09-08,13,26
2004-09-09,7,65
2004-09-10,2,60
2004-09-13,1,183
2004-09-14,77,5
2004-09-15,278,1
2004-09-16,126,1
2004-09-17,75,0
2004-09-20,15,0
2004-09-21,2,1
2004-09-22,0,0
2004-09-23,0,2
2004-09-24,0,1
2004-09-27,0,22
2004-09-28,0,42
2004-09-29,1,125
2004-09-30,1,266
2004-10-08,20,70
2004-10-11,26,62
2004-10-12,20,130
2004-10-13,34,64
2004-10-14,5,217
2004-10-15,6,122
2004-10-18,12,35
2004-10-19,9,29
2004-10-20,17,17
2004-10-21,19,16
2004-10-22,42,20
2004-10-25,28,16
2004-10-26,34,12
2004-10-27,56,7
2004-10-28,70,16
2004-10-29,36,51
2004-11-01,29,69
2004-11-02,41,42
2004-11-03,111,9
2004-11-04,49,40
2004-11-05,89,29
2004-11-08,85,19
2004-11-09,94,19
2004-11-10,269,0
2004-11-11,113,1
2004-11-12,74,1
2004-11-15,61,3
2004-11-16,23,4
2004-11-17,17,15
2004-11-18,17,6
2004-11-19,22,8
2004-11-22,16,11
2004-11-23,5,22
2004-11-24,5,42
2004-11-25,2,65
2004-11-26,5,59
2004-11-29,2,118
2004-11-30,6,110
2004-12-01,9,92
2004-12-02,53,51
2004-12-03,67,16
2004-12-06,60,18
2004-12-07,11,109
2004-12-08,12,71
2004-12-09,43,50
2004-12-10,7,199
2004-12-13,10,173
2004-12-14,9,59
2004-12-15,14,31
2004-12-16,16,26
2004-12-17,4,29
2004-12-20,5,32
2004-12-21,13,15
2004-12-22,64,1
2004-12-23,21,13
2004-12-24,39,12
2004-12-27,52,23
2004-12-28,45,22
2004-12-29,48,36
2004-12-30,54,47
2004-12-31,27,44
2005-01-04,24,78
2005-01-05,75,14
2005-01-06,57,24
2005-01-07,105,17
2005-01-10,166,16
2005-01-11,152,9
2005-01-12,118,7
2005-01-13,112,11
2005-01-14,39,33
2005-01-17,6,213
2005-01-18,49,52
2005-01-19,37,70
2005-01-20,21,108
2005-01-21,101,18
2005-01-24,186,2
2005-01-25,58,7
2005-01-26,41,33
2005-01-27,20,76
2005-01-28,6,211
2005-01-31,6,329
2005-02-01,23,98
2005-02-02,120,2
2005-02-03,68,10
2005-02-04,101,5
2005-02-16,160,0
2005-02-17,143,2
2005-02-18,65,15
2005-02-21,158,4
2005-02-22,139,1
2005-02-23,71,2
2005-02-24,13,9
2005-02-25,12,6
2005-02-28,6,11
2005-03-01,1,20
2005-03-02,0,51
2005-03-03,6,38
2005-03-04,3,56
2005-03-07,14,62
2005-03-08,45,6
2005-03-09,34,19
2005-03-10,4,120
2005-03-11,11,146
2005-03-14,23,206
2005-03-15,11,187
2005-03-16,7,130
2005-03-17,11,115
2005-03-18,8,101
2005-03-21,18,43
2005-03-22,9,30
2005-03-23,6,20
2005-03-24,11,10
2005-03-25,15,17
2005-03-28,19,14
2005-03-29,19,16
2005-03-30,8,53
2005-03-31,24,12
2005-04-01,108,1
2005-04-04,82,11
2005-04-05,56,27
2005-04-06,123,8
2005-04-07,254,4
2005-04-08,296,3
2005-04-11,149,9
2005-04-12,24,29
2005-04-13,68,10
2005-04-14,21,25
2005-04-15,13,91
2005-04-18,3,237
2005-04-19,12,140
2005-04-20,12,208
2005-04-21,16,163
2005-04-22,17,97
2005-04-25,20,68
2005-04-26,33,24
2005-04-27,32,30
2005-04-28,72,6
2005-04-29,50,12
2005-05-09,19,54
2005-05-10,44,48
2005-05-11,52,38
2005-05-12,46,38
2005-05-13,83,22
2005-05-16,103,31
2005-05-17,161,4
2005-05-18,145,6
2005-05-19,111,4
2005-05-20,55,8
2005-05-23,14,60
2005-05-24,53,16
2005-05-25,57,11
2005-05-26,19,31
2005-05-27,22,41
2005-05-30,29,26
2005-05-31,27,7
2005-06-01,1,34
2005-06-02,5,52
2005-06-03,9,37
2005-06-06,28,18
2005-06-07,39,15
2005-06-08,231,0
2005-06-09,121,1
2005-06-10,21,3
2005-06-13,17,3
2005-06-14,2,6
2005-06-15,5,32
2005-06-16,4,38
2005-06-17,8,87
2005-06-20,62,23
2005-06-21,22,46
2005-06-22,23,31
2005-06-23,14,59
2005-06-24,14,60
2005-06-27,121,7
2005-06-28,15,50
2005-06-29,11,87
2005-06-30,4,239
2005-07-01,1,297
2005-07-04,6,153
2005-07-05,3,74
2005-07-06,6,35
2005-07-07,11,20
2005-07-08,4,29
2005-07-11,11,28
2005-07-12,41,9
2005-07-13,43,6
2005-07-14,52,12
2005-07-15,30,25
2005-07-18,18,41
2005-07-19,45,13
2005-07-20,50,17
2005-07-21,68,16
2005-07-22,192,5
2005-07-25,181,15
2005-07-26,268,0
2005-07-27,190,0
2005-07-28,63,2
2005-07-29,19,7
2005-08-01,12,5
2005-08-02,18,3
2005-08-03,9,9
2005-08-04,8,17
2005-08-05,19,5
2005-08-08,11,6
2005-08-09,8,17
2005-08-10,9,3
2005-08-11,11,3
2005-08-12,2,14
2005-08-15,5,6
2005-08-16,0,27
2005-08-17,5,15
2005-08-18,0,56
2005-08-19,3,93
2005-08-22,7,71
2005-08-23,2,111
2005-08-24,12,98
2005-08-25,45,47
2005-08-26,47,33
2005-08-29,35,106
2005-08-30,21,145
2005-08-31,61,53
2005-09-01,125,15
2005-09-02,148,11
2005-09-05,156,5
2005-09-06,14,122
2005-09-07,88,18
2005-09-08,68,26
2005-09-09,17,91
2005-09-12,25,75
2005-09-13,100,11
2005-09-14,94,14
2005-09-15,62,17
2005-09-16,34,35
2005-09-19,37,23
2005-09-20,27,91
2005-09-21,12,252
2005-09-22,1,374
2005-09-23,8,140
2005-09-26,14,62
2005-09-27,3,39
2005-09-28,11,36
2005-09-29,16,16
2005-09-30,18,14
2005-10-10,11,26
2005-10-11,39,5
2005-10-12,54,3
2005-10-13,45,7
2005-10-14,31,30
2005-10-17,56,26
2005-10-18,66,9
2005-10-19,59,24
2005-10-20,71,54
2005-10-21,102,23
2005-10-24,109,26
2005-10-25,25,123
2005-10-26,11,208
2005-10-27,19,78
2005-10-28,10,69
2005-10-31,19,30
2005-11-01,18,28
2005-11-02,33,10
2005-11-03,26,20
2005-11-04,52,5
2005-11-07,87,12
2005-11-08,149,7
2005-11-09,132,15
2005-11-10,27,125
2005-11-11,46,64
2005-11-14,88,29
2005-11-15,56,39
2005-11-16,124,13
2005-11-17,82,8
2005-11-18,151,4
2005-11-21,99,3
2005-11-22,17,23
2005-11-23,32,7
2005-11-24,26,10
2005-11-25,17,19
2005-11-28,29,20
2005-11-29,9,59
2005-11-30,19,74
2005-12-01,16,63
2005-12-02,11,153
2005-12-05,6,266
2005-12-06,14,81
2005-12-07,45,22
2005-12-08,45,17
2005-12-09,93,2
2005-12-12,134,5
2005-12-13,116,7
2005-12-14,159,4
2005-12-15,76,10
2005-12-16,89,5
2005-12-19,56,8
2005-12-20,48,10
2005-12-21,13,32
2005-12-22,23,29
2005-12-23,53,6
2005-12-26,53,7
2005-12-27,21,18
2005-12-28,21,10
2005-12-29,19,10
2005-12-30,5,30
2006-01-04,17,11
2006-01-05,35,11
2006-01-06,18,10
2006-01-09,18,8
2006-01-10,27,13
2006-01-11,8,14
2006-01-12,15,11
2006-01-13,10,20
2006-01-16,4,36
2006-01-17,5,61
2006-01-18,25,17
2006-01-19,29,17
2006-01-20,25,40
2006-01-23,27,77
2006-01-24,19,73
2006-01-25,19,120
2006-02-06,50,20
2006-02-07,57,29
2006-02-08,61,23
2006-02-09,22,78
2006-02-10,53,59
2006-02-13,45,91
2006-02-14,60,62
2006-02-15,44,56
2006-02-16,17,240
2006-02-17,12,141
2006-02-20,15,89
2006-02-21,26,21
2006-02-22,27,21
2006-02-23,46,28
2006-02-24,35,16
2006-02-27,41,25
2006-02-28,41,40
2006-03-01,59,18
2006-03-02,13,82
2006-03-03,28,59
2006-03-06,30,40
2006-03-07,3,114
2006-03-08,9,69
2006-03-09,16,44
2006-03-10,14,15
2006-03-13,28,19
2006-03-14,34,13
2006-03-15,54,6
2006-03-16,75,9
2006-03-17,71,22
2006-03-20,128,7
2006-03-21,116,7
2006-03-22,135,15
2006-03-23,137,6
2006-03-24,31,32
2006-03-27,38,19
2006-03-28,57,23
2006-03-29,42,13
2006-03-30,17,40
2006-03-31,18,56
2006-04-03,41,26
2006-04-04,48,11
2006-04-05,49,7
2006-04-06,29,11
2006-04-07,33,16
2006-04-10,56,4
2006-04-11,40,8
2006-04-12,27,22
2006-04-13,8,73
2006-04-14,18,52
2006-04-17,17,40
2006-04-18,12,58
2006-04-19,18,75
2006-04-20,24,156
2006-04-21,27,104
2006-04-24,22,112
2006-04-25,36,82
2006-04-26,30,33
2006-04-27,32,24
2006-04-28,55,22
2006-05-08,106,1
2006-05-09,147,1
2006-05-10,168,2
2006-05-11,70,13
2006-05-12,74,9
2006-05-15,71,5
2006-05-16,29,22
2006-05-17,13,26
2006-05-18,18,27
2006-05-19,19,15
2006-05-22,28,19
2006-05-23,8,69
2006-05-24,6,109
2006-05-25,7,96
2006-05-26,14,32
2006-05-29,36,16
2006-05-30,38,10
2006-05-31,36,40
2006-06-01,65,6
2006-06-02,52,19
2006-06-05,55,18
2006-06-06,22,32
2006-06-07,3,210
2006-06-08,5,186
2006-06-09,0,199
2006-06-12,9,104
2006-06-13,13,64
2006-06-14,8,35
2006-06-15,8,24
2006-06-16,25,18
2006-06-19,38,16
2006-06-20,60,8
2006-06-21,56,25
2006-06-22,37,35
2006-06-23,70,19
2006-06-26,140,8
2006-06-27,106,15
2006-06-28,85,28
2006-06-29,105,19
2006-06-30,69,29
2006-07-03,97,17
2006-07-04,33,46
2006-07-05,17,115
2006-07-06,65,27
2006-07-07,53,29
2006-07-10,65,28
2006-07-11,60,36
2006-07-12,23,56
2006-07-13,6,400
2006-07-14,9,147
2006-07-17,21,34
2006-07-18,24,25
2006-07-19,18,50
2006-07-20,10,21
2006-07-21,28,22
2006-07-24,41,36
2006-07-25,58,15
2006-07-26,54,19
2006-07-27,45,38
2006-07-28,39,49
2006-07-31,8,134
2006-08-01,11,76
2006-08-02,8,44
2006-08-03,8,24
2006-08-04,2,30
2006-08-07,2,24
2006-08-08,11,11
2006-08-09,16,3
2006-08-10,27,2
2006-08-11,64,3
2006-08-14,32,23
2006-08-15,70,7
2006-08-16,175,2
2006-08-17,138,15
2006-08-18,86,24
2006-08-21,82,22
2006-08-22,128,12
2006-08-23,74,20
2006-08-24,73,7
2006-08-25,63,10
2006-08-28,82,3
2006-08-29,46,6
2006-08-30,36,7
2006-08-31,19,7
2006-09-01,7,21
2006-09-04,13,15
2006-09-05,16,18
2006-09-06,21,14
2006-09-07,9,39
2006-09-08,7,30
2006-09-11,10,46
2006-09-12,21,25
2006-09-13,12,87
2006-09-14,21,122
2006-09-15,48,31
2006-09-18,87,10
2006-09-19,49,19
2006-09-20,41,27
2006-09-21,37,23
2006-09-22,18,76
2006-09-25,23,92
2006-09-26,21,127
2006-09-27,34,51
2006-09-28,57,31
2006-09-29,69,11
2006-10-09,134,10
2006-10-10,105,20
2006-10-11,61,11
2006-10-12,21,67
2006-10-13,20,41
2006-10-16,19,84
2006-10-17,17,94
2006-10-18,35,40
2006-10-19,39,55
2006-10-20,25,104
2006-10-23,12,260
2006-10-24,32,61
2006-10-25,34,61
2006-10-26,22,58
2006-10-27,21,73
2006-10-30,20,64
2006-10-31,45,28
2006-11-01,54,21
2006-11-02,36,27
2006-11-03,53,19
2006-11-06,40,35
2006-11-07,34,60
2006-11-08,17,45
2006-11-09,33,19
2006-11-10,16,79
2006-11-13,13,106
2006-11-14,27,39
2006-11-15,36,5
2006-11-16,26,21
2006-11-17,51,13
2006-11-20,56,11
2006-11-21,69,7
2006-11-22,107,14
2006-11-23,144,5
2006-11-24,217,6
2006-11-27,210,5
2006-11-28,89,10
2006-11-29,48,1
2006-11-30,42,3
2006-12-01,19,10
2006-12-04,20,0
2006-12-05,13,5
2006-12-06,7,23
2006-12-07,6,36
2006-12-08,2,185
2006-12-11,15,87
2006-12-12,29,102
2006-12-13,31,60
2006-12-14,64,23
2006-12-15,111,9
2006-12-18,103,9
2006-12-19,55,24
2006-12-20,67,15
2006-12-21,34,41
2006-12-22,12,80
2006-12-25,20,45
2006-12-26,15,101
2006-12-27,17,87
2006-12-28,8,194
2006-12-29,21,101
2007-01-04,40,95
2007-01-05,112,30
2007-01-08,261,10
2007-01-09,207,1
2007-01-10,141,4
2007-01-11,44,8
2007-01-12,9,45
2007-01-15,13,13
2007-01-16,37,10
2007-01-17,18,30
2007-01-18,12,38
2007-01-19,27,10
2007-01-22,38,1
2007-01-23,19,1
2007-01-24,8,1
2007-01-25,2,34
2007-01-26,1,97
2007-01-29,14,67
2007-01-30,11,79
2007-01-31,6,268
2007-02-01,10,187
2007-02-02,12,146
2007-02-05,22,82
2007-02-06,33,26
2007-02-07,52,16
2007-02-08,80,14
2007-02-09,67,20
2007-02-12,110,16
2007-02-13,143,4
2007-02-14,161,4
2007-02-15,206,1
2007-02-16,84,8
2007-02-26,44,9
2007-02-27,2,167
2007-02-28,5,94
2007-03-01,6,187
2007-03-02,18,72
2007-03-05,19,53
2007-03-06,16,42
2007-03-07,39,25
2007-03-08,68,15
2007-03-09,60,35
2007-03-12,103,32
2007-03-13,93,17
2007-03-14,48,66
2007-03-15,63,37
2007-03-16,24,137
2007-03-19,40,106
2007-03-20,62,26
2007-03-21,87,20
2007-03-22,54,20
2007-03-23,98,48
2007-03-26,135,15
2007-03-27,96,19
2007-03-28,29,66
2007-03-29,7,282
2007-03-30,12,185
2007-04-02,31,68
2007-04-03,48,24
2007-04-04,77,40
2007-04-05,86,16
2007-04-06,100,14
2007-04-09,110,23
2007-04-10,66,47
2007-04-11,44,37
2007-04-12,70,14
2007-04-13,46,70
2007-04-16,69,15
2007-04-17,130,16
2007-04-18,94,6
2007-04-19,14,175
2007-04-20,8,11
2007-04-23,51,53
2007-04-24,4,3
2007-04-25,13,48
2007-04-26,34,62
2007-04-27,4,50
2007-04-30,43,72
2007-05-08,75,17
2007-05-09,22,30
2007-05-10,50,27
2007-05-11,23,49
2007-05-14,44,86
2007-05-15,15,196
2007-05-16,32,98
2007-05-17,71,30
2007-05-18,56,50
2007-05-21,82,30
2007-05-22,92,15
2007-05-23,121,10
2007-05-24,57,42
2007-05-25,50,38
2007-05-28,80,19
2007-05-29,94,21
2007-05-30,7,414
2007-05-31,12,300
2007-06-01,2,125
2007-06-04,0,107
2007-06-05,3,43
2007-06-06,9,13
2007-06-07,11,3
2007-06-08,26,2
2007-06-11,52,3
2007-06-12,74,1
2007-06-13,103,1
2007-06-14,64,9
2007-06-15,76,7
2007-06-18,134,8
2007-06-19,167,11
2007-06-20,66,57
2007-06-21,58,78
2007-06-22,13,261
2007-06-25,6,239
2007-06-26,4,76
2007-06-27,21,19
2007-06-28,8,55
2007-06-29,5,53
2007-07-02,13,29
2007-07-03,15,14
2007-07-04,7,8
2007-07-05,5,32
2007-07-06,29,4
2007-07-09,76,3
2007-07-10,95,5
2007-07-11,114,4
2007-07-12,136,7
2007-07-13,105,2
2007-07-16,37,42
2007-07-17,92,8
2007-07-18,92,9
2007-07-19,84,13
2007-07-20,145,2
2007-07-23,184,1
2007-07-24,61,0
2007-07-25,42,3
2007-07-26,20,3
2007-07-27,12,5
2007-07-30,7,2
2007-07-31,7,4
2007-08-01,3,11
2007-08-02,4,19
2007-08-03,7,6
2007-08-06,7,5
2007-08-07,1,17
2007-08-08,4,35
2007-08-09,6,37
2007-08-10,4,137
2007-08-13,12,172
2007-08-14,24,51
2007-08-15,18,107
2007-08-16,43,76
2007-08-17,34,94
2007-08-20,88,10
2007-08-21,106,10
2007-08-22,94,12
2007-08-23,65,9
2007-08-24,48,25
2007-08-27,27,69
2007-08-28,30,99
2007-08-29,18,143
2007-08-30,68,31
2007-08-31,57,21
2007-09-03,116,15
2007-09-04,53,38
2007-09-05,46,57
2007-09-06,50,45
2007-09-07,14,171
2007-09-10,35,92
2007-09-11,4,285
2007-09-12,24,116
2007-09-13,25,44
2007-09-14,34,26
2007-09-17,71,8
2007-09-18,64,21
2007-09-19,39,49
2007-09-20,61,36
2007-09-21,48,68
2007-09-24,62,55
2007-09-25,29,76
2007-09-26,16,97
2007-09-27,28,52
2007-09-28,76,21
2007-10-08,61,32
2007-10-09,105,31
2007-10-10,54,50
2007-10-11,33,81
2007-10-12,29,103
2007-10-15,33,62
2007-10-16,23,31
2007-10-17,27,15
2007-10-18,26,52
2007-10-19,23,45
2007-10-22,24,63
2007-10-23,22,41
2007-10-24,20,42
2007-10-25,2,81
2007-10-26,9,33
2007-10-29,12,18
2007-10-30,14,10
2007-10-31,45,0
2007-11-01,56,5
2007-11-02,47,16
2007-11-05,76,16
2007-11-06,134,14
2007-11-07,118,13
2007-11-08,48,63
2007-11-09,54,65
2007-11-12,51,54
2007-11-13,56,36
2007-11-14,130,1
2007-11-15,76,9
2007-11-16,64,7
2007-11-19,105,3
2007-11-20,112,0
2007-11-21,54,5
2007-11-22,6,56
2007-11-23,25,28
2007-11-26,24,38
2007-11-27,16,39
2007-11-28,22,49
2007-11-29,60,8
2007-11-30,27,32
2007-12-03,43,13
2007-12-04,52,17
2007-12-05,81,3
2007-12-06,52,6
2007-12-07,74,0
2007-12-10,66,1
2007-12-11,24,0
2007-12-12,6,7
2007-12-13,2,20
2007-12-14,1,17
2007-12-17,4,34
2007-12-18,1,49
2007-12-19,9,12
2007-12-20,20,8
2007-12-21,35,2
2007-12-24,33,1
2007-12-25,14,1
2007-12-26,20,3
2007-12-27,14,2
2007-12-28,9,9
2008-01-02,6,4
2008-01-03,13,3
2008-01-04,1,9
2008-01-07,4,15
2008-01-08,6,47
2008-01-09,8,44
2008-01-10,5,48
2008-01-11,15,88
2008-01-14,22,62
2008-01-15,45,45
2008-01-16,15,137
2008-01-17,17,300
2008-01-18,19,139
2008-01-21,13,237
2008-01-22,1,207
2008-01-23,15,27
2008-01-24,35,5
2008-01-25,12,8
2008-01-28,6,36
2008-01-29,5,21
2008-01-30,11,15
2008-01-31,5,48
2008-02-01,4,24
2008-02-04,12,3
2008-02-05,32,0
2008-02-13,41,0
2008-02-14,90,2
2008-02-15,129,3
2008-02-18,283,1
2008-02-19,315,1
2008-02-20,120,12
2008-02-21,99,13
2008-02-22,27,79
2008-02-25,6,251
2008-02-26,16,129
2008-02-27,74,31
2008-02-28,58,22
2008-02-29,99,15
2008-03-03,143,6
2008-03-04,82,11
2008-03-05,36,33
2008-03-06,35,31
2008-03-07,12,52
2008-03-10,5,181
2008-03-11,6,129
2008-03-12,3,207
2008-03-13,10,240
2008-03-14,5,119
2008-03-17,0,109
2008-03-18,0,48
2008-03-19,3,8
2008-03-20,13,6
2008-03-21,14,2
2008-03-24,17,8
2008-03-25,52,5
2008-03-26,64,5
2008-03-27,15,36
2008-03-28,93,6
2008-03-31,28,36
2008-04-01,2,97
2008-04-02,5,58
2008-04-03,15,5
2008-04-07,66,0
2008-04-08,118,1
2008-04-09,46,2
2008-04-10,118,1
2008-04-11,184,1
2008-04-14,35,77
2008-04-15,127,23
2008-04-16,55,51
2008-04-17,26,110
2008-04-18,9,170
2008-04-21,18,84
2008-04-22,45,62
2008-04-23,117,1
2008-04-24,395,0
2008-04-25,242,1
2008-04-28,108,3
2008-04-29,62,3
2008-04-30,43,2
2008-05-05,24,1
2008-05-06,12,2
2008-05-07,4,2
2008-05-08,1,2
2008-05-09,2,7
2008-05-12,2,6
2008-05-13,1,10
2008-05-14,3,4
2008-05-15,7,9
2008-05-16,2,8
2008-05-19,2,26
2008-05-20,0,135
2008-05-21,4,125
2008-05-22,7,214
2008-05-23,18,167
2008-05-26,7,192
2008-05-27,11,105
2008-05-28,57,27
2008-05-29,23,63
2008-05-30,48,56
2008-06-02,86,27
2008-06-03,62,39
2008-06-04,55,62
2008-06-05,41,57
2008-06-06,35,37
2008-06-10,4,277
2008-06-11,2,99
2008-06-12,2,31
2008-06-13,0,15
2008-06-16,6,11
2008-06-17,5,11
2008-06-18,7,4
2008-06-19,2,9
2008-06-20,5,11
2008-06-23,13,19
2008-06-24,24,7
2008-06-25,112,1
2008-06-26,304,1
2008-06-27,78,31
2008-06-30,156,20
2008-07-01,75,38
2008-07-02,173,6
2008-07-03,240,1
2008-07-04,117,8
2008-07-07,96,1
2008-07-08,57,0
2008-07-09,33,1
2008-07-10,11,1
2008-07-11,5,3
2008-07-14,8,6
2008-07-15,3,5
2008-07-16,2,35
2008-07-17,3,74
2008-07-18,8,39
2008-07-21,40,3
2008-07-22,28,6
2008-07-23,13,9
2008-07-24,22,1
2008-07-25,10,11
2008-07-28,13,6
2008-07-29,6,33
2008-07-30,5,42
2008-07-31,3,113
2008-08-01,3,104
2008-08-04,6,222
2008-08-05,2,301
2008-08-06,8,146
2008-08-07,40,66
2008-08-08,2,197
2008-08-11,3,150
2008-08-12,1,39
2008-08-13,0,11
2008-08-14,7,8
2008-08-15,10,1
2008-08-18,1,6
2008-08-19,12,2
2008-08-20,64,0
2008-08-21,59,7
2008-08-22,61,19
2008-08-25,91,12
2008-08-26,26,74
2008-08-27,57,46
2008-08-28,96,21
2008-08-29,314,2
2008-09-01,131,14
2008-09-02,159,20
2008-09-03,105,36
2008-09-04,111,17
2008-09-05,17,69
2008-09-08,6,190
2008-09-09,22,89
2008-09-10,48,29
2008-09-11,30,49
2008-09-12,52,25
2008-09-16,43,57
2008-09-17,41,106
2008-09-18,38,172
2008-09-19,347,0
2008-09-22,316,0
2008-09-23,35,30
2008-09-24,67,10
2008-09-25,65,3
2008-09-26,36,0
2008-10-06,9,18
2008-10-07,15,26
2008-10-08,6,60
2008-10-09,4,88
2008-10-10,5,354
2008-10-13,6,116
2008-10-14,9,156
2008-10-15,21,96
2008-10-16,17,174
2008-10-17,23,58
2008-10-20,91,8
2008-10-21,150,4
2008-10-22,115,27
2008-10-23,159,13
2008-10-24,100,25
2008-10-27,10,265
2008-10-28,39,69
2008-10-29,24,101
2008-10-30,68,31
2008-10-31,53,48
2008-11-03,67,32
2008-11-04,59,38
2008-11-05,168,6
2008-11-06,110,15
2008-11-07,151,6
2008-11-10,241,0
2008-11-11,98,1
2008-11-12,60,3
2008-11-13,36,0
2008-11-14,9,0
2008-11-17,3,0
2008-11-18,1,0
2008-11-19,0,0
2008-11-20,0,3
2008-11-21,1,2
2008-11-24,0,13
2008-11-25,0,23
2008-11-26,1,19
2008-11-27,2,36
2008-11-28,7,54
2008-12-01,29,15
2008-12-02,35,8
2008-12-03,46,1
2008-12-04,25,2
2008-12-05,22,10
2008-12-08,27,0
2008-12-09,4,8
2008-12-10,4,6
2008-12-11,1,25
2008-12-12,0,145
2008-12-15,4,196
2008-12-16,17,119
2008-12-17,35,96
2008-12-18,80,29
2008-12-19,80,28
2008-12-22,77,95
2008-12-23,6,439
2008-12-24,10,248
2008-12-25,8,103
2008-12-26,9,67
2008-12-29,10,55
2008-12-30,17,42
2008-12-31,17,35
2009-01-05,40,14
2009-01-06,85,9
2009-01-07,125,3
2009-01-08,80,41
2009-01-09,168,4
2009-01-12,214,7
2009-01-13,74,113
2009-01-14,209,13
2009-01-15,176,15
2009-01-16,115,29
2009-01-19,56,54
2009-01-20,41,38
2009-01-21,24,48
2009-01-22,35,28
2009-01-23,30,65
2009-02-02,82,11
2009-02-03,97,2
2009-02-04,73,4
2009-02-05,27,28
2009-02-06,60,2
2009-02-09,57,3
2009-02-10,35,3
2009-02-11,13,8
2009-02-12,16,16
2009-02-13,4,6
2009-02-16,12,4
2009-02-17,2,40
2009-02-18,2,189
2009-02-19,9,242
2009-02-20,35,85
2009-02-23,95,19
2009-02-24,29,253
2009-02-25,36,189
2009-02-26,7,348
2009-02-27,5,230
2009-03-02,7,48
2009-03-03,15,17
2009-03-04,42,1
2009-03-05,49,4
2009-03-06,37,12
2009-03-09,15,57
2009-03-10,37,22
2009-03-11,33,31
2009-03-12,41,29
2009-03-13,31,38
2009-03-16,66,19
2009-03-17,169,3
2009-03-18,230,4
2009-03-19,361,2
2009-03-20,169,24
2009-03-23,136,11
2009-03-24,91,9
2009-03-25,8,123
2009-03-26,39,38
2009-03-27,40,30
2009-03-30,57,37
2009-03-31,46,43
2009-04-01,58,9
2009-04-02,30,34
2009-04-03,22,113
2009-04-07,22,81
2009-04-08,9,300
2009-04-09,41,136
2009-04-10,94,26
2009-04-13,124,10
2009-04-14,134,21
2009-04-15,137,22
2009-04-16,95,22
2009-04-17,31,112
2009-04-20,73,41
2009-04-21,52,76
2009-04-22,6,332
2009-04-23,17,247
2009-04-24,20,158
2009-04-27,10,188
2009-04-28,29,92
2009-04-29,26,20
2009-04-30,66,12
2009-05-04,136,1
2009-05-05,128,7
2009-05-06,234,8
2009-05-07,155,49
2009-05-08,97,42
2009-05-11,24,236
2009-05-12,38,67
2009-05-13,61,45
2009-05-14,85,56
2009-05-15,70,35
2009-05-18,96,42
2009-05-19,101,25
2009-05-20,59,87
2009-05-21,28,214
2009-05-22,23,140
2009-05-25,42,113
2009-05-26,37,75
2009-05-27,43,55
2009-06-01,74,17
2009-06-02,99,31
2009-06-03,129,29
2009-06-04,92,47
2009-06-05,59,72
2009-06-08,59,74
2009-06-09,84,53
2009-06-10,96,32
2009-06-11,62,76
2009-06-12,26,163
2009-06-15,52,72
2009-06-16,40,71
2009-06-17,78,29
2009-06-18,83,36
2009-06-19,114,34
2009-06-22,56,67
2009-06-23,55,115
2009-06-24,78,46
2009-06-25,57,84
2009-06-26,51,63
2009-06-29,94,40
2009-06-30,59,111
2009-07-01,82,58
2009-07-02,102,36
2009-07-03,105,41
2009-07-06,109,48
2009-07-07,104,44
2009-07-08,118,34
2009-07-09,181,19
2009-07-10,99,14
2009-07-13,102,24
2009-07-14,72,12
2009-07-15,41,17
2009-07-16,15,50
2009-07-17,17,59
2009-07-20,31,42
2009-07-21,4,123
2009-07-22,12,129
2009-07-23,36,82
2009-07-24,33,143
2009-07-27,66,54
2009-07-28,91,35
2009-07-29,7,421
2009-07-30,27,164
2009-07-31,54,20
2009-08-03,108,7
2009-08-04,154,14
2009-08-05,98,41
2009-08-06,74,95
2009-08-07,16,227
2009-08-10,41,111
2009-08-11,46,73
2009-08-12,3,218
2009-08-13,18,92
2009-08-14,1,79
2009-08-17,3,49
2009-08-18,0,12
2009-08-19,3,4
2009-08-20,6,1
2009-08-21,15,1
2009-08-24,37,0
2009-08-25,57,3
2009-08-26,123,1
2009-08-27,166,2
2009-08-28,114,25
2009-08-31,16,223
2009-09-01,15,107
2009-09-02,31,50
2009-09-03,154,4
2009-09-04,299,2
2009-09-07,289,0
2009-09-08,259,1
2009-09-09,135,0
2009-09-10,53,15
2009-09-11,53,11
2009-09-14,60,2
2009-09-15,26,1
2009-09-16,10,10
2009-09-17,10,10
2009-09-18,6,20
2009-09-21,10,23
2009-09-22,5,72
2009-09-23,1,236
2009-09-24,5,289
2009-09-25,9,235
2009-09-28,4,295
2009-09-29,8,171
2009-09-30,8,52
2009-10-09,89,6
2009-10-12,154,4
2009-10-13,276,2
2009-10-14,279,2
2009-10-15,206,7
2009-10-16,113,16
2009-10-19,124,3
2009-10-20,83,5
2009-10-21,27,14
2009-10-22,9,27
2009-10-23,13,17
2009-10-26,23,27
2009-10-27,6,84
2009-10-28,9,95
2009-10-29,4,266
2009-10-30,27,161
2009-11-02,127,27
2009-11-03,228,3
2009-11-04,146,5
2009-11-05,73,7
2009-11-06,43,8
2009-11-09,43,17
2009-11-10,24,20
2009-11-11,15,40
2009-11-12,8,56
2009-11-13,16,45
2009-11-16,58,11
2009-11-17,46,20
2009-11-18,24,31
2009-11-19,28,24
2009-11-20,15,30
2009-11-23,38,18
2009-11-24,3,265
2009-11-25,18,141
2009-11-26,10,348
2009-11-27,2,266
2009-11-30,41,51
2009-12-01,89,6
2009-12-02,109,6
2009-12-03,144,15
2009-12-04,49,116
2009-12-07,93,61
2009-12-08,61,100
2009-12-09,23,189
2009-12-10,45,93
2009-12-11,46,93
2009-12-14,50,72
2009-12-15,39,67
2009-12-16,37,77
2009-12-17,11,128
2009-12-18,4,87
2009-12-21,7,27
2009-12-22,7,17
2009-12-23,19,7
2009-12-24,39,1
2009-12-25,60,3
2009-12-28,83,1
2009-12-29,144,3
2009-12-30,142,21
2009-12-31,203,18
2010-01-04,178,14
2010-01-05,191,23
2010-01-06,100,50
2010-01-07,26,223
2010-01-08,33,101
2010-01-11,72,86
2010-01-12,180,10
2010-01-13,80,84
2010-01-14,129,16
2010-01-15,117,12
2010-01-18,103,12
2010-01-19,55,14
2010-01-20,11,151
2010-01-21,5,184
2010-01-22,4,309
2010-01-25,4,227
2010-01-26,3,251
2010-01-27,3,105
2010-01-28,7,30
2010-01-29,22,15
2010-02-01,35,9
2010-02-02,25,10
2010-02-03,51,13
2010-02-04,90,5
2010-02-05,66,29
2010-02-08,55,24
2010-02-09,70,22
2010-02-10,136,10
2010-02-11,137,26
2010-02-12,201,9
2010-02-22,183,21
2010-02-23,197,12
2010-02-24,192,7
2010-02-25,112,0
2010-02-26,31,3
2010-03-01,25,4
2010-03-02,12,7
2010-03-03,4,4
2010-03-04,0,66
2010-03-05,4,94
2010-03-08,7,63
2010-03-09,8,81
2010-03-10,5,117
2010-03-11,15,133
2010-03-12,5,209
2010-03-15,8,262
2010-03-16,30,119
2010-03-17,128,6
2010-03-18,119,9
2010-03-19,205,2
2010-03-22,154,11
2010-03-23,77,50
2010-03-24,71,32
2010-03-25,32,168
2010-03-26,62,49
2010-03-29,111,29
2010-03-30,98,30
2010-03-31,54,36
2010-04-01,135,4
2010-04-02,80,27
2010-04-06,61,35
2010-04-07,43,40
2010-04-08,30,74
2010-04-09,45,51
2010-04-12,59,94
2010-04-13,21,123
2010-04-14,29,91
2010-04-15,24,122
2010-04-16,9,112
2010-04-19,4,316
2010-04-20,12,114
2010-04-21,75,15
2010-04-22,68,17
2010-04-23,49,38
2010-04-26,40,44
2010-04-27,18,105
2010-04-28,23,93
2010-04-29,7,157
2010-04-30,3,125
2010-05-04,7,26
2010-05-05,26,2
2010-05-06,6,21
2010-05-07,19,17
2010-05-10,12,34
2010-05-11,7,31
2010-05-12,14,29
2010-05-13,30,4
2010-05-14,49,1
2010-05-17,2,52
2010-05-18,33,11
2010-05-19,39,3
2010-05-20,29,10
2010-05-21,74,4
2010-05-24,229,0
2010-05-25,228,2
2010-05-26,255,4
2010-05-27,305,1
2010-05-28,187,3
2010-05-31,36,28
2010-06-01,17,86
2010-06-02,30,33
2010-06-03,27,42
2010-06-04,38,23
2010-06-07,33,48
2010-06-08,39,37
2010-06-09,104,2
2010-06-10,40,0
2010-06-11,25,12
2010-06-17,21,42
2010-06-18,6,125
2010-06-21,18,52
2010-06-22,17,37
2010-06-23,14,33
2010-06-24,18,24
2010-06-25,6,67
2010-06-28,4,102
2010-06-29,2,428
2010-06-30,2,382
2010-07-01,3,142
2010-07-02,16,47
2010-07-05,21,22
2010-07-06,42,1
2010-07-07,108,2
2010-07-08,136,6
2010-07-09,363,0
2010-07-12,382,4
2010-07-13,158,10
2010-07-14,139,7
2010-07-15,21,60
2010-07-16,21,52
2010-07-19,92,4
2010-07-20,93,0
2010-07-21,38,4
2010-07-22,21,0
2010-07-23,16,5
2010-07-26,7,1
2010-07-27,5,4
2010-07-28,5,3
2010-07-29,2,1
2010-07-30,4,7
2010-08-02,6,5
2010-08-03,2,18
2010-08-04,3,28
2010-08-05,2,39
2010-08-06,9,18
2010-08-09,25,12
2010-08-10,3,110
2010-08-11,11,108
2010-08-12,8,266
2010-08-13,37,99
2010-08-16,134,6
2010-08-17,123,10
2010-08-18,75,40
2010-08-19,58,61
2010-08-20,16,293
2010-08-23,25,253
2010-08-24,60,80
2010-08-25,21,208
2010-08-26,53,118
2010-08-27,43,68
2010-08-30,141,6
2010-08-31,146,25
2010-09-01,75,115
2010-09-02,142,49
2010-09-03,144,36
2010-09-06,111,55
2010-09-07,93,57
2010-09-08,87,45
2010-09-09,46,162
2010-09-10,82,125
2010-09-13,88,42
2010-09-14,88,50
2010-09-15,38,198
2010-09-16,18,309
2010-09-17,17,160
2010-09-20,17,100
2010-09-21,14,71
2010-09-27,40,19
2010-09-28,56,33
2010-09-29,28,56
2010-09-30,73,29
2010-10-08,150,3
2010-10-11,239,30
2010-10-12,195,35
2010-10-13,173,42
2010-10-14,27,161
2010-10-15,28,105
2010-10-18,31,103
2010-10-19,70,21
2010-10-20,50,26
2010-10-21,78,24
2010-10-22,108,21
2010-10-25,200,11
2010-10-26,175,13
2010-10-27,76,49
2010-10-28,75,86
2010-10-29,55,87
2010-11-01,111,28
2010-11-02,82,51
2010-11-03,43,136
2010-11-04,59,67
2010-11-05,106,33
2010-11-08,120,13
2010-11-09,71,36
2010-11-10,28,53
2010-11-11,15,71
2010-11-12,3,555
2010-11-15,10,202
2010-11-16,10,169
2010-11-17,6,189
2010-11-18,10,90
2010-11-19,44,20
2010-11-22,93,6
2010-11-23,61,22
2010-11-24,105,6
2010-11-25,87,10
2010-11-26,87,23
2010-11-29,141,29
2010-11-30,38,198
2010-12-01,48,133
2010-12-02,62,84
2010-12-03,64,81
2010-12-06,46,107
2010-12-07,82,51
2010-12-08,82,56
2010-12-09,45,135
2010-12-10,70,42
2010-12-13,225,4
2010-12-14,252,4
2010-12-15,191,6
2010-12-16,132,22
2010-12-17,111,19
2010-12-20,34,123
2010-12-21,59,49
2010-12-22,32,85
2010-12-23,12,211
2010-12-24,12,248
2010-12-27,3,308
2010-12-28,2,185
2010-12-29,19,65
2010-12-30,24,35
2010-12-31,76,7
2011-01-04,164,0
2011-01-05,198,7
2011-01-06,205,18
2011-01-07,139,31
2011-01-10,27,159
2011-01-11,40,134
2011-01-12,66,47
2011-01-13,65,40
2011-01-14,34,101
2011-01-17,10,282
2011-01-18,11,105
2011-01-19,60,16
2011-01-20,24,75
2011-01-21,50,21
2011-01-24,40,45
2011-01-25,39,53
2011-01-26,89,24
2011-01-27,141,15
2011-01-28,245,4
2011-01-31,332,3
2011-02-01,274,3
2011-02-09,131,11
2011-02-10,168,3
2011-02-11,109,2
2011-02-14,71,1
2011-02-15,20,1
2011-02-16,11,1
2011-02-17,7,4
2011-02-18,3,14
2011-02-21,4,10
2011-02-22,2,57
2011-02-23,2,60
2011-02-24,9,33
2011-02-25,6,43
2011-02-28,34,27
2011-03-01,29,24
2011-03-02,22,48
2011-03-03,10,118
2011-03-04,26,78
2011-03-07,40,43
2011-03-08,41,32
2011-03-09,45,32
2011-03-10,44,131
2011-03-11,37,184
2011-03-14,84,132
2011-03-15,35,256
2011-03-16,60,77
2011-03-17,26,188
2011-03-18,47,104
2011-03-21,35,131
2011-03-22,34,127
2011-03-23,97,63
2011-03-24,85,39
2011-03-25,128,42
2011-03-28,125,69
2011-03-29,76,163
2011-03-30,54,133
2011-03-31,18,147
2011-04-01,38,38
2011-04-06,61,38
2011-04-07,61,26
2011-04-08,128,14
2011-04-11,80,47
2011-04-12,115,60
2011-04-13,142,29
2011-04-14,116,61
2011-04-15,95,62
2011-04-18,87,43
2011-04-19,76,118
2011-04-20,90,85
2011-04-21,115,55
2011-04-22,62,78
2011-04-25,29,263
2011-04-26,19,232
2011-04-27,18,153
2011-04-28,8,159
2011-04-29,14,42
2011-05-03,48,15
2011-05-04,27,32
2011-05-05,47,13
2011-05-06,71,9
2011-05-09,119,8
2011-05-10,142,8
2011-05-11,189,10
2011-05-12,95,55
2011-05-13,165,47
2011-05-16,159,45
2011-05-17,133,69
2011-05-18,129,49
2011-05-19,102,65
2011-05-20,82,67
2011-05-23,7,421
2011-05-24,30,240
2011-05-25,26,146
2011-05-26,24,112
2011-05-27,13,127
2011-05-30,24,107
2011-05-31,53,18
2011-06-01,111,11
2011-06-02,73,17
2011-06-03,145,5
2011-06-07,232,5
2011-06-08,256,1
2011-06-09,80,42
2011-06-10,115,40
2011-06-13,99,56
2011-06-14,193,11
2011-06-15,89,37
2011-06-16,26,148
2011-06-17,8,212
2011-06-20,18,260
2011-06-21,74,68
2011-06-22,80,44
2011-06-23,250,4
2011-06-24,357,2
2011-06-27,238,1
2011-06-28,99,4
2011-06-29,22,14
2011-06-30,41,3
2011-07-01,19,5
2011-07-04,30,1
2011-07-05,27,1
2011-07-06,7,2
2011-07-07,4,9
2011-07-08,6,16
2011-07-11,4,23
2011-07-12,1,58
2011-07-13,6,35
2011-07-14,17,34
2011-07-15,25,28
2011-07-18,19,32
2011-07-19,12,94
2011-07-20,9,121
2011-07-21,4,230
2011-07-22,11,182
2011-07-25,4,603
2011-07-26,16,204
2011-07-27,35,55
2011-07-28,49,51
2011-07-29,38,63
2011-08-01,53,59
2011-08-02,46,88
2011-08-03,84,39
2011-08-04,78,39
2011-08-05,33,108
2011-08-08,14,173
2011-08-09,19,48
2011-08-10,52,5
2011-08-11,80,3
2011-08-12,84,3
2011-08-15,165,8
2011-08-16,153,17
2011-08-17,166,39
2011-08-18,72,116
2011-08-19,54,137
2011-08-22,62,123
2011-08-23,203,25
2011-08-24,231,36
2011-08-25,365,10
2011-08-26,184,8
2011-08-29,70,35
2011-08-30,26,79
2011-08-31,25,108
2011-09-01,17,120
2011-09-02,5,184
2011-09-05,3,353
2011-09-06,8,284
2011-09-07,133,15
2011-09-08,64,39
2011-09-09,50,54
2011-09-13,29,114
2011-09-14,103,37
2011-09-15,116,15
2011-09-16,116,18
2011-09-19,45,159
2011-09-20,62,66
2011-09-21,347,4
2011-09-22,38,74
2011-09-23,39,122
2011-09-26,24,215
2011-09-27,62,78
2011-09-28,25,150
2011-09-29,9,277
2011-09-30,15,101
2011-10-10,26,52
2011-10-11,45,30
2011-10-12,240,3
2011-10-13,391,3
2011-10-14,312,5
2011-10-17,256,5
2011-10-18,40,141
2011-10-19,31,120
2011-10-20,8,372
2011-10-21,9,279
2011-10-24,74,63
2011-10-25,296,5
2011-10-26,321,1
2011-10-27,247,9
2011-10-28,288,6
2011-10-31,156,4
2011-11-01,53,4
2011-11-02,47,1
2011-11-03,38,5
2011-11-04,19,5
2011-11-07,3,12
2011-11-08,3,21
2011-11-09,6,11
2011-11-10,2,60
2011-11-11,3,70
2011-11-14,25,9
2011-11-15,30,12
2011-11-16,2,114
2011-11-17,9,169
2011-11-18,1,426
2011-11-21,7,369
2011-11-22,15,212
2011-11-23,24,146
2011-11-24,37,102
2011-11-25,30,107
2011-11-28,35,71
2011-11-29,124,15
2011-11-30,18,185
2011-12-01,88,30
2011-12-02,44,77
2011-12-05,14,135
2011-12-06,18,75
2011-12-07,31,21
2011-12-08,27,24
2011-12-09,40,18
2011-12-12,19,37
2011-12-13,13,62
2011-12-14,15,64
2011-12-15,14,34
2011-12-16,40,6
2011-12-19,62,5
2011-12-20,67,7
2011-12-21,28,30
2011-12-22,53,36
2011-12-23,101,16
2011-12-26,98,21
2011-12-27,51,74
2011-12-28,63,46
2011-12-29,106,26
2011-12-30,250,4
2012-01-04,104,35
2012-01-05,39,158
2012-01-06,90,57
2012-01-09,323,0
2012-01-10,431,0
2012-01-11,259,2
2012-01-12,118,3
2012-01-13,10,69
2012-01-16,2,156
2012-01-17,86,7
2012-01-18,32,49
2012-01-19,53,23
2012-01-20,71,11
2012-01-30,57,7
2012-01-31,59,14
2012-02-01,54,22
2012-02-02,84,4
2012-02-03,64,2
2012-02-06,46,10
2012-02-07,22,20
2012-02-08,22,4
2012-02-09,18,4
2012-02-10,17,9
2012-02-13,9,10
2012-02-14,6,16
2012-02-15,10,8
2012-02-16,7,12
2012-02-17,5,24
2012-02-20,7,20
2012-02-21,11,13
2012-02-22,27,2
2012-02-23,26,8
2012-02-24,18,6
2012-02-27,14,6
2012-02-28,9,47
2012-02-29,7,113
2012-03-01,5,148
2012-03-02,33,49
2012-03-05,37,78
2012-03-06,27,273
2012-03-07,33,339
2012-03-08,72,112
2012-03-09,161,24
2012-03-12,143,58
2012-03-13,199,41
2012-03-14,16,630
2012-03-15,15,401
2012-03-16,76,38
2012-03-19,116,16
2012-03-20,33,99
2012-03-21,51,98
2012-03-22,42,101
2012-03-23,19,194
2012-03-26,39,121
2012-03-27,23,70
2012-03-28,7,123
2012-03-29,14,46
2012-03-30,14,9
2012-04-05,22,5
2012-04-06,39,1
2012-04-09,50,4
2012-04-10,70,7
2012-04-11,131,8
2012-04-12,309,4
2012-04-13,390,7
2012-04-16,326,17
2012-04-17,123,67
2012-04-18,245,9
2012-04-19,143,30
2012-04-20,93,24
2012-04-23,23,149
2012-04-24,13,232
2012-04-25,35,120
2012-04-26,44,107
2012-04-27,44,104
2012-05-02,108,54
2012-05-03,129,63
2012-05-04,172,34
2012-05-07,156,54
2012-05-08,89,53
2012-05-09,44,166
2012-05-10,37,145
2012-05-11,29,168
2012-05-14,33,193
2012-05-15,34,181
2012-05-16,36,173
2012-05-17,71,77
2012-05-18,52,155
2012-05-21,43,125
2012-05-22,103,44
2012-05-23,93,74
2012-05-24,74,90
2012-05-25,36,178
2012-05-28,126,82
2012-05-29,187,16
2012-05-30,243,15
2012-05-31,216,23
2012-06-01,132,44
2012-06-04,25,419
2012-06-05,34,262
2012-06-06,32,155
2012-06-07,29,107
2012-06-08,43,82
2012-06-11,148,13
2012-06-12,120,26
2012-06-13,245,6
2012-06-14,177,33
2012-06-15,168,38
2012-06-18,210,24
2012-06-19,104,46
2012-06-20,93,86
2012-06-21,26,193
2012-06-25,17,425
2012-06-26,19,232
2012-06-27,26,163
2012-06-28,22,125
2012-06-29,65,50
2012-07-02,130,19
2012-07-03,153,20
2012-07-04,146,34
2012-07-05,52,171
2012-07-06,160,31
2012-07-09,46,180
2012-07-10,59,162
2012-07-11,57,67
2012-07-12,198,18
2012-07-13,132,60
2012-07-16,28,252
2012-07-17,54,107
2012-07-18,125,39
2012-07-19,203,21
2012-07-20,167,39
2012-07-23,99,68
2012-07-24,159,36
2012-07-25,89,66
2012-07-26,51,95
2012-07-27,87,82
2012-07-30,43,224
2012-07-31,30,306
2012-08-01,103,60
2012-08-02,69,76
2012-08-03,245,8
2012-08-06,396,1
2012-08-07,337,5
2012-08-08,155,9
2012-08-09,137,1
2012-08-10,75,12
2012-08-13,29,66
2012-08-14,30,41
2012-08-15,18,100
2012-08-16,21,140
2012-08-17,27,99
2012-08-20,41,85
2012-08-21,124,27
2012-08-22,55,66
2012-08-23,75,46
2012-08-24,10,192
2012-08-27,6,369
2012-08-28,17,202
2012-08-29,41,140
2012-08-30,23,204
2012-08-31,40,84
2012-09-03,116,27
2012-09-04,88,45
2012-09-05,141,22
2012-09-06,241,11
2012-09-07,553,0
2012-09-10,296,3
2012-09-11,70,4
2012-09-12,62,16
2012-09-13,14,64
2012-09-14,13,84
2012-09-17,4,258
2012-09-18,5,368
2012-09-19,25,210
2012-09-20,5,591
2012-09-21,18,264
2012-09-24,40,82
2012-09-25,32,72
2012-09-26,10,88
2012-09-27,74,16
2012-09-28,189,13
2012-10-08,165,13
2012-10-09,436,1
2012-10-10,541,3
2012-10-11,145,35
2012-10-12,95,49
2012-10-15,49,156
2012-10-16,51,103
2012-10-17,80,65
2012-10-18,182,8
2012-10-19,116,31
2012-10-22,94,23
2012-10-23,28,91
2012-10-24,30,150
2012-10-25,21,221
2012-10-26,2,482
2012-10-29,15,354
2012-10-30,33,175
2012-10-31,52,87
2012-11-01,226,15
2012-11-02,273,11
2012-11-05,219,49
2012-11-06,84,96
2012-11-07,87,98
2012-11-08,12,427
2012-11-09,33,234
2012-11-12,84,71
2012-11-13,27,162
2012-11-14,41,83
2012-11-15,13,140
2012-11-16,29,89
2012-11-19,50,30
2012-11-20,52,26
2012-11-21,117,5
2012-11-22,94,37
2012-11-23,123,24
2012-11-26,66,70
2012-11-27,24,290
2012-11-28,7,157
2012-11-29,14,64
2012-11-30,41,11
2012-12-03,39,34
2012-12-04,66,17
2012-12-05,257,0
2012-12-06,331,3
2012-12-07,605,5
2012-12-10,620,3
2012-12-11,159,2
2012-12-12,69,7
2012-12-13,22,16
2012-12-14,52,2
2012-12-17,22,3
2012-12-18,10,17
2012-12-19,9,18
2012-12-20,11,17
2012-12-21,12,17
2012-12-24,11,32
2012-12-25,28,3
2012-12-26,20,4
2012-12-27,20,15
2012-12-28,7,16
2012-12-31,9,13
2013-01-04,14,16
2013-01-07,16,30
2013-01-08,13,26
2013-01-09,17,44
2013-01-10,13,51
2013-01-11,3,212
2013-01-14,44,46
2013-01-15,96,24
2013-01-16,34,63
2013-01-17,25,138
2013-01-18,51,63
2013-01-21,71,70
2013-01-22,28,256
2013-01-23,34,311
2013-01-24,13,578
2013-01-25,22,251
2013-01-28,71,37
2013-01-29,89,34
2013-01-30,123,52
2013-01-31,90,98
2013-02-01,117,79
2013-02-04,91,134
2013-02-05,109,59
2013-02-06,92,55
2013-02-07,95,82
2013-02-08,172,32
2013-02-18,282,63
2013-02-19,101,290
2013-02-20,224,74
2013-02-21,75,263
2013-02-22,40,205
2013-02-25,105,63
2013-02-26,42,177
2013-02-27,66,159
2013-02-28,97,29
2013-03-01,181,18
2013-03-04,43,194
2013-03-05,139,42
2013-03-06,234,19
2013-03-07,111,85
2013-03-08,88,124
2013-03-11,66,135
2013-03-12,29,402
2013-03-13,30,240
2013-03-14,39,73
2013-03-15,33,58
2013-03-18,40,90
2013-03-19,57,56
2013-03-20,140,5
2013-03-21,207,9
2013-03-22,270,11
2013-03-25,252,31
2013-03-26,112,99
2013-03-27,116,67
2013-03-28,42,366
2013-03-29,42,187
2013-04-01,67,93
2013-04-02,46,121
2013-04-03,51,126
2013-04-08,78,89
2013-04-09,93,28
2013-04-10,126,43
2013-04-11,83,50
2013-04-12,60,94
2013-04-15,27,158
2013-04-16,84,64
2013-04-17,126,17
2013-04-18,169,23
2013-04-19,417,6
2013-04-22,366,13
2013-04-23,48,174
2013-04-24,160,40
2013-04-25,57,167
2013-04-26,27,318
2013-05-02,61,160
2013-05-03,168,21
2013-05-06,311,8
2013-05-07,216,17
2013-05-08,166,12
2013-05-09,102,35
2013-05-10,110,24
2013-05-13,73,34
2013-05-14,32,77
2013-05-15,46,42
2013-05-16,78,33
2013-05-17,102,19
2013-05-20,78,16
2013-05-21,54,18
2013-05-22,22,38
2013-05-23,15,78
2013-05-24,21,49
2013-05-29,24,35
2013-05-30,22,71
2013-05-31,31,119
2013-06-03,20,169
2013-06-04,13,463
2013-06-05,15,336
2013-06-06,19,357
2013-06-07,16,293
2013-06-13,16,195
2013-06-14,33,43
2013-06-17,49,22
2013-06-18,45,13
2013-06-19,52,29
2013-06-20,10,81
2013-06-21,21,70
2013-06-24,13,85
2013-06-25,22,26
2013-06-26,30,11
2013-06-27,22,15
2013-06-28,26,28
2013-07-01,58,14
2013-07-02,128,8
2013-07-03,141,7
2013-07-04,218,3
2013-07-05,302,30
2013-07-08,70,241
2013-07-09,95,91
2013-07-10,430,11
2013-07-11,506,8
2013-07-12,208,7
2013-07-15,181,2
2013-07-16,125,4
2013-07-17,42,20
2013-07-18,24,45
2013-07-19,6,102
2013-07-22,21,84
2013-07-23,72,6
2013-07-24,56,25
2013-07-25,27,68
2013-07-26,17,75
2013-07-29,5,176
2013-07-30,14,170
2013-07-31,28,112
2013-08-01,153,9
2013-08-02,135,15
2013-08-05,134,6
2013-08-06,99,8
2013-08-07,30,59
2013-08-08,31,50
2013-08-09,24,76
2013-08-12,49,42
2013-08-13,24,31
2013-08-14,26,57
2013-08-15,14,126
2013-08-16,10,269
2013-08-19,30,103
2013-08-20,46,148
2013-08-21,75,72
2013-08-22,92,109
2013-08-23,59,164
2013-08-26,162,32
2013-08-27,171,28
2013-08-28,86,141
2013-08-29,71,154
2013-08-30,39,268
2013-09-02,71,101
2013-09-03,95,37
2013-09-04,93,41
2013-09-05,90,76
2013-09-06,87,73
2013-09-09,112,44
2013-09-10,165,44
2013-09-11,102,122
2013-09-12,79,104
2013-09-13,73,85
2013-09-16,68,127
2013-09-17,40,321
2013-09-18,51,181
2013-09-23,165,57
2013-09-24,141,119
2013-09-25,102,129
2013-09-26,47,215
2013-09-27,55,136
2013-09-30,97,38
2013-10-08,139,20
2013-10-09,187,13
2013-10-10,117,62
2013-10-11,208,37
2013-10-14,220,47
2013-10-15,168,68
2013-10-16,40,314
2013-10-17,37,237
2013-10-18,52,144
2013-10-21,158,15
2013-10-22,119,79
2013-10-23,33,271
2013-10-24,36,233
2013-10-25,18,255
2013-10-28,32,149
2013-10-29,19,172
2013-10-30,52,42
2013-10-31,36,43
2013-11-01,44,51
2013-11-04,61,31
2013-11-05,85,12
2013-11-06,83,49
2013-11-07,69,65
2013-11-08,42,99
2013-11-11,78,44
2013-11-12,139,17
2013-11-13,82,76
2013-11-14,162,39
2013-11-15,353,8
2013-11-18,498,4
2013-11-19,308,5
2013-11-20,193,5
2013-11-21,84,15
2013-11-22,37,44
2013-11-25,23,74
2013-11-26,31,68
2013-11-27,43,32
2013-11-28,64,22
2013-11-29,78,13
2013-12-02,9,361
2013-12-03,36,251
2013-12-04,86,120
2013-12-05,70,72
2013-12-06,48,80
2013-12-09,78,41
2013-12-10,78,55
2013-12-11,37,156
2013-12-12,56,144
2013-12-13,88,126
2013-12-16,58,264
2013-12-17,31,240
2013-12-18,49,166
2013-12-19,23,138
2013-12-20,28,168
2013-12-23,50,128
2013-12-24,53,41
2013-12-25,137,10
2013-12-26,62,61
2013-12-27,181,27
2013-12-30,172,17
2013-12-31,170,27
2014-01-02,220,21
2014-01-03,109,69
2014-01-06,36,277
2014-01-07,29,136
2014-01-08,63,76
2014-01-09,32,121
2014-01-10,21,158
2014-01-13,31,130
2014-01-14,81,31
2014-01-15,130,14
2014-01-16,141,22
2014-01-17,84,55
2014-01-20,86,93
2014-01-21,203,44
2014-01-22,479,16
2014-01-23,307,7
2014-01-24,231,11
2014-01-27,94,46
2014-01-28,41,43
2014-01-29,27,41
2014-01-30,31,65
2014-02-07,48,35
2014-02-10,120,4
2014-02-11,52,18
2014-02-12,55,23
2014-02-13,18,65
2014-02-14,22,39
2014-02-17,48,12
2014-02-18,29,36
2014-02-19,31,63
2014-02-20,9,153
2014-02-21,11,151
2014-02-24,18,237
2014-02-25,5,651
2014-02-26,18,296
2014-02-27,28,187
2014-02-28,48,73
2014-03-03,98,38
2014-03-04,105,33
2014-03-05,83,53
2014-03-06,101,61
2014-03-07,91,106
2014-03-10,28,290
2014-03-11,44,115
2014-03-12,51,64
2014-03-13,92,22
2014-03-14,77,35
2014-03-17,146,18
2014-03-18,219,14
2014-03-19,240,39
2014-03-20,54,164
2014-03-21,244,48
2014-03-24,219,49
2014-03-25,154,36
2014-03-26,117,45
2014-03-27,28,131
2014-03-28,23,323
2014-03-31,22,217
2014-04-01,77,61
2014-04-02,74,54
2014-04-03,69,43
2014-04-04,148,24
2014-04-08,227,12
2014-04-09,229,8
2014-04-10,194,28
2014-04-11,116,59
2014-04-14,131,42
2014-04-15,68,82
2014-04-16,46,98
2014-04-17,56,96
2014-04-18,49,103
2014-04-21,25,276
2014-04-22,22,291
2014-04-23,46,207
2014-04-24,19,226
2014-04-25,18,231
2014-04-28,12,242
2014-04-29,28,54
2014-04-30,40,20
2014-05-05,89,13
2014-05-06,126,8
2014-05-07,89,32
2014-05-08,77,24
2014-05-09,89,66
2014-05-12,294,15
2014-05-13,298,20
2014-05-14,230,25
2014-05-15,56,140
2014-05-16,68,126
2014-05-19,56,167
2014-05-20,108,85
2014-05-21,168,30
2014-05-22,164,36
2014-05-23,198,23
2014-05-26,199,20
2014-05-27,117,35
2014-05-28,109,13
2014-05-29,25,78
2014-05-30,29,74
2014-06-03,34,92
2014-06-04,28,159
2014-06-05,55,57
2014-06-06,38,77
2014-06-09,38,79
2014-06-10,89,20
2014-06-11,118,22
2014-06-12,78,53
2014-06-13,118,20
2014-06-16,116,19
2014-06-17,44,78
2014-06-18,24,177
2014-06-19,4,567
2014-06-20,31,229
2014-06-23,77,75
2014-06-24,123,43
2014-06-25,84,64
2014-06-26,222,18
2014-06-27,255,21
2014-06-30,269,18
2014-07-01,172,16
2014-07-02,123,28
2014-07-03,97,23
2014-07-04,47,43
2014-07-07,26,65
2014-07-08,32,52
2014-07-09,17,181
2014-07-10,17,198
2014-07-11,56,86
2014-07-14,126,46
2014-07-15,64,82
2014-07-16,44,133
2014-07-17,23,151
2014-07-18,31,123
2014-07-21,33,186
2014-07-22,71,55
2014-07-23,42,122
2014-07-24,61,137
2014-07-25,93,56
2014-07-28,151,10
2014-07-29,172,15
2014-07-30,166,19
2014-07-31,194,19
2014-08-01,77,111
2014-08-04,119,32
2014-08-05,140,38
2014-08-06,107,47
2014-08-07,40,140
2014-08-08,67,114
2014-08-11,106,46
2014-08-12,91,77
2014-08-13,64,103
2014-08-14,33,193
2014-08-15,71,103
2014-08-18,133,33
2014-08-19,109,48
2014-08-20,73,72
2014-08-21,34,115
2014-08-22,65,87
2014-08-25,41,175
2014-08-26,12,409
2014-08-27,27,253
2014-08-28,26,207
2014-08-29,49,83
2014-09-01,119,21
2014-09-02,205,6
2014-09-03,246,7
2014-09-04,291,18
2014-09-05,246,31
2014-09-09,175,52
2014-09-10,126,53
2014-09-11,63,96
2014-09-12,82,58
2014-09-15,86,58
2014-09-16,11,378
2014-09-17,23,243
2014-09-18,47,151
2014-09-19,70,55
2014-09-22,44,209
2014-09-23,95,83
2014-09-24,142,33
2014-09-25,107,68
2014-09-26,124,83
2014-09-29,158,51
2014-09-30,182,54
2014-10-08,229,44
2014-10-09,165,61
2014-10-10,61,167
2014-10-13,46,208
2014-10-14,28,202
2014-10-15,53,146
2014-10-16,30,289
2014-10-17,28,262
2014-10-20,42,73
2014-10-21,41,107
2014-10-22,19,164
2014-10-23,16,139
2014-10-24,28,74
2014-10-27,40,37
2014-10-28,82,12
2014-10-29,162,5
2014-10-30,207,14
2014-10-31,198,45
2014-11-03,272,32
2014-11-04,189,76
2014-11-05,100,86
2014-11-06,119,45
2014-11-07,39,165
2014-11-10,81,85
2014-11-11,30,379
2014-11-12,64,105
2014-11-13,54,121
2014-11-14,40,101
2014-11-17,58,55
2014-11-18,72,72
2014-11-19,109,70
2014-11-20,126,67
2014-11-21,171,22
2014-11-24,269,18
2014-11-25,372,18
2014-11-26,241,20
2014-11-27,161,33
2014-11-28,76,70
2014-12-01,38,152
2014-12-02,37,100
2014-12-03,94,67
2014-12-04,99,33
2014-12-05,34,273
2014-12-08,33,271
2014-12-09,13,415
2014-12-10,70,87
2014-12-11,110,52
2014-12-12,123,30
2014-12-15,211,35
2014-12-16,131,24
2014-12-17,61,142
2014-12-18,34,160
2014-12-19,43,252
2014-12-22,32,335
2014-12-23,11,200
2014-12-24,26,110
2014-12-25,52,18
2014-12-26,67,25
2014-12-29,65,39
2014-12-30,54,89
2014-12-31,87,45
2015-01-05,157,24
2015-01-06,265,26
2015-01-07,246,32
2015-01-08,183,73
2015-01-09,100,114
2015-01-12,64,224
2015-01-13,131,53
2015-01-14,92,51
2015-01-15,105,27
2015-01-16,165,11
2015-01-19,36,168
2015-01-20,163,14
2015-01-21,177,3
2015-01-22,179,2
2015-01-23,67,8
2015-01-26,105,4
2015-01-27,87,9
2015-01-28,43,26
2015-01-29,25,64
2015-01-30,11,106
2015-02-02,8,158
2015-02-03,19,102
2015-02-04,42,108
2015-02-05,22,145
2015-02-06,4,289
2015-02-09,10,279
2015-02-10,31,138
2015-02-11,76,35
2015-02-12,146,27
2015-02-13,297,5
2015-02-16,399,6
2015-02-17,263,7
2015-02-25,129,49
2015-02-26,114,27
2015-02-27,79,19
2015-03-02,92,23
2015-03-03,39,65
2015-03-04,49,37
2015-03-05,24,61
2015-03-06,18,107
2015-03-09,30,75
2015-03-10,42,55
2015-03-11,32,92
2015-03-12,43,150
2015-03-13,60,77
2015-03-16,162,8
2015-03-17,140,11
2015-03-18,119,10
2015-03-19,63,28
2015-03-20,35,31
2015-03-23,51,13
2015-03-24,40,50
2015-03-25,31,75
2015-03-26,28,125
2015-03-27,21,102
2015-03-30,42,97
2015-03-31,31,109
2015-04-01,74,54
2015-04-02,125,34
2015-04-03,129,35
2015-04-07,113,21
2015-04-08,33,94
2015-04-09,22,307
2015-04-10,38,142
2015-04-13,93,52
2015-04-14,95,93
2015-04-15,18,362
2015-04-16,36,238
2015-04-17,51,184
2015-04-20,56,231
2015-04-21,92,60
2015-04-22,162,27
2015-04-23,175,41
2015-04-24,154,93
2015-04-27,121,96
2015-04-28,40,283
2015-04-29,69,97
2015-04-30,46,127
2015-05-04,95,84
2015-05-05,33,208
2015-05-06,35,182
2015-05-07,26,110
2015-05-08,101,34
2015-05-11,165,9
2015-05-12,224,6
2015-05-13,204,15
2015-05-14,187,17
2015-05-15,97,77
2015-05-18,149,42
2015-05-19,165,12
2015-05-20,161,12
2015-05-21,214,9
2015-05-22,172,9
2015-05-25,144,15
2015-05-26,68,7
2015-05-27,26,15
2015-05-28,4,150
2015-05-29,5,254
2015-06-01,50,50
2015-06-02,114,18
2015-06-03,68,45
2015-06-04,37,79
2015-06-05,52,80
2015-06-08,66,169
2015-06-09,28,177
2015-06-10,40,107
2015-06-11,68,77
2015-06-12,85,74
2015-06-15,38,168
2015-06-16,12,325
2015-06-17,17,189
2015-06-18,10,219
2015-06-19,1,325
2015-06-23,9,120
2015-06-24,28,29
2015-06-25,11,40
2015-06-26,3,61
2015-06-29,6,46
2015-06-30,5,13
2015-07-01,7,19
2015-07-02,3,25
2015-07-03,0,16
2015-07-06,6,10
2015-07-07,11,5
2015-07-08,2,5
2015-07-09,9,1
2015-07-10,33,0
2015-07-13,59,3
2015-07-14,103,4
2015-07-15,79,17
2015-07-16,185,16
2015-07-17,378,7
2015-07-20,305,4
2015-07-21,284,9
2015-07-22,188,10
2015-07-23,143,5
2015-07-24,88,9
2015-07-27,15,60
2015-07-28,13,134
2015-07-29,30,25
2015-07-30,15,71
2015-07-31,15,89
2015-08-03,36,180
2015-08-04,118,8
2015-08-05,82,24
2015-08-06,79,36
2015-08-07,129,5
2015-08-10,185,1
2015-08-11,82,3
2015-08-12,29,9
2015-08-13,34,7
2015-08-14,32,7
2015-08-17,28,9
2015-08-18,3,101
2015-08-19,7,77
2015-08-20,6,205
2015-08-21,1,447
2015-08-24,0,730
2015-08-25,1,375
2015-08-26,0,89
2015-08-27,4,18
2015-08-28,13,2
2015-08-31,27,8
2015-09-01,15,17
2015-09-02,23,21
2015-09-07,25,14
2015-09-08,98,7
2015-09-09,279,4
2015-09-10,398,5
2015-09-11,460,5
2015-09-14,35,176
2015-09-15,15,419
2015-09-16,336,6
2015-09-17,165,16
2015-09-18,264,11
2015-09-21,295,7
2015-09-22,155,2
2015-09-23,59,7
2015-09-24,44,9
2015-09-25,14,11
2015-09-28,28,5
2015-09-29,9,34
2015-09-30,14,33
2015-10-08,54,6
2015-10-09,22,8
2015-10-12,40,3
2015-10-13,25,2
2015-10-14,9,6
2015-10-15,13,4
2015-10-16,11,2
2015-10-19,9,3
2015-10-20,5,3
2015-10-21,6,19
2015-10-22,5,36
2015-10-23,8,16
2015-10-26,19,13
2015-10-27,8,20
2015-10-28,8,56
2015-10-29,8,60
2015-10-30,10,109
2015-11-02,11,238
2015-11-03,10,353
2015-11-04,199,17
2015-11-05,172,40
2015-11-06,180,13
2015-11-09,146,6
2015-11-10,73,29
2015-11-11,68,23
2015-11-12,49,50
2015-11-13,20,164
2015-11-16,36,126
2015-11-17,29,158
2015-11-18,24,349
2015-11-19,57,138
2015-11-20,122,103
2015-11-23,69,179
2015-11-24,91,118
2015-11-25,153,50
2015-11-26,88,104
2015-11-27,12,577
2015-11-30,50,215
2015-12-01,37,107
2015-12-02,26,127
2015-12-03,73,45
2015-12-04,53,55
2015-12-07,101,34
2015-12-08,61,105
2015-12-09,63,93
2015-12-10,36,104
2015-12-11,49,78
2015-12-14,66,32
2015-12-15,101,27
2015-12-16,184,27
2015-12-17,365,5
2015-12-18,334,25
2015-12-21,306,31
2015-12-22,180,24
2015-12-23,63,94
2015-12-24,51,125
2015-12-25,59,84
2015-12-28,28,253
2015-12-29,52,179
2015-12-30,115,95
2015-12-31,44,210
2016-01-04,3,783
2016-01-05,11,196
2016-01-06,52,39
2016-01-07,1,77
2016-01-08,21,19
2016-01-11,8,49
2016-01-12,4,37
2016-01-13,4,30
2016-01-14,6,8
2016-01-15,10,14
2016-01-18,12,13
2016-01-19,41,6
2016-01-20,64,6
2016-01-21,39,27
2016-01-22,157,14
2016-01-25,358,4
2016-01-26,29,228
2016-01-27,60,114
2016-01-28,30,145
2016-01-29,144,8
2016-02-01,163,24
2016-02-02,452,6
2016-02-03,468,3
2016-02-04,433,2
2016-02-05,221,5
2016-02-15,117,15
2016-02-16,137,0
2016-02-17,75,0
2016-02-18,31,1
2016-02-19,19,3
2016-02-22,20,4
2016-02-23,10,5
2016-02-24,5,8
2016-02-25,2,69
2016-02-26,0,163
2016-02-29,2,682
2016-03-01,4,405
2016-03-02,215,7
2016-03-03,171,10
2016-03-04,33,182
2016-03-07,128,22
2016-03-08,181,11
2016-03-09,81,63
2016-03-10,34,129
2016-03-11,56,146
2016-03-14,336,21
2016-03-15,178,38
2016-03-16,63,72
2016-03-17,183,6
2016-03-18,181,2
2016-03-21,127,2
2016-03-22,42,4
2016-03-23,23,8
2016-03-24,7,34
2016-03-25,10,36
2016-03-28,13,41
2016-03-29,5,111
2016-03-30,30,13
2016-03-31,24,20
2016-04-01,25,65
2016-04-05,74,12
2016-04-06,37,18
2016-04-07,10,99
2016-04-08,5,182
2016-04-11,43,88
2016-04-12,30,138
2016-04-13,90,62
2016-04-14,103,33
2016-04-15,69,58
2016-04-18,22,236
2016-04-19,33,239
2016-04-20,15,757
2016-04-21,9,335
2016-04-22,15,105
2016-04-25,21,77
2016-04-26,31,27
2016-04-27,44,41
2016-04-28,43,43
2016-04-29,65,46
2016-05-03,172,10
2016-05-04,208,15
2016-05-05,293,31
2016-05-06,35,339
2016-05-09,7,354
2016-05-10,11,107
2016-05-11,19,60
2016-05-12,36,33
2016-05-13,29,27
2016-05-16,56,10
2016-05-17,68,12
2016-05-18,23,64
2016-05-19,36,48
2016-05-20,111,23
2016-05-23,220,10
2016-05-24,213,30
2016-05-25,192,41
2016-05-26,220,24
2016-05-27,251,23
2016-05-30,153,52
2016-05-31,525,2
2016-06-01,221,0
2016-06-02,110,2
2016-06-03,76,8
2016-06-06,42,15
2016-06-07,17,17
2016-06-08,11,30
2016-06-13,2,247
2016-06-14,4,397
2016-06-15,72,67
2016-06-16,63,137
2016-06-17,105,46
2016-06-20,95,57
2016-06-21,49,115
2016-06-22,159,44
2016-06-23,112,81
2016-06-24,28,170
2016-06-27,130,37
2016-06-28,188,24
2016-06-29,116,23
2016-06-30,71,55
2016-07-01,50,67
2016-07-04,95,35
2016-07-05,64,29
2016-07-06,52,44
2016-07-07,51,56
2016-07-08,20,99
2016-07-11,20,153
2016-07-12,33,94
2016-07-13,60,51
2016-07-14,43,65
2016-07-15,29,108
2016-07-18,30,183
2016-07-19,41,113
2016-07-20,46,163
2016-07-21,41,162
2016-07-22,30,273
2016-07-25,68,199
2016-07-26,109,47
2016-07-27,19,480
2016-07-28,40,175
2016-07-29,36,84
2016-08-01,17,114
2016-08-02,21,51
2016-08-03,49,25
2016-08-04,48,20
2016-08-05,50,35
2016-08-08,123,22
2016-08-09,161,19
2016-08-10,177,21
2016-08-11,87,104
2016-08-12,186,35
2016-08-15,545,5
2016-08-16,490,12
2016-08-17,254,22
2016-08-18,103,45
2016-08-19,70,40
2016-08-22,29,166
2016-08-23,35,133
2016-08-24,34,111
2016-08-25,19,218
2016-08-26,51,172
2016-08-29,74,103
2016-08-30,58,103
2016-08-31,66,93
2016-09-01,37,187
2016-09-02,56,197
2016-09-05,71,137
2016-09-06,220,29
2016-09-07,170,32
2016-09-08,187,40
2016-09-09,56,110
2016-09-12,15,581
2016-09-13,19,91
2016-09-14,29,267
2016-09-19,56,66
2016-09-20,72,60
2016-09-21,81,57
2016-09-22,121,34
2016-09-23,135,66
2016-09-26,47,236
2016-09-27,86,92
2016-09-28,89,67
2016-09-29,122,45
2016-09-30,200,30
2016-10-10,456,25
2016-10-11,460,18
2016-10-12,203,19
2016-10-13,140,31
2016-10-14,75,51
2016-10-17,31,131
2016-10-18,79,45
2016-10-19,70,66
2016-10-20,57,82
2016-10-21,33,112
2016-10-24,71,54
2016-10-25,73,64
2016-10-26,58,94
2016-10-27,28,120
2016-10-28,23,226
2016-10-31,44,266
2016-11-01,100,86
2016-11-02,76,202
2016-11-03,99,79
2016-11-04,84,118
2016-11-07,105,118
2016-11-08,130,65
2016-11-09,53,178
2016-11-10,216,35
2016-11-11,246,36
2016-11-14,230,61
2016-11-15,201,46
2016-11-16,132,60
2016-11-17,54,117
2016-11-18,44,145
2016-11-21,67,134
2016-11-22,116,53
2016-11-23,56,156
2016-11-24,45,247
2016-11-25,44,188
2016-11-28,67,167
2016-11-29,38,274
2016-11-30,37,209
2016-12-01,56,98
2016-12-02,16,210
2016-12-05,36,183
2016-12-06,45,96
2016-12-07,70,41
2016-12-08,67,55
2016-12-09,63,45
2016-12-12,13,213
2016-12-13,26,68
2016-12-14,44,44
2016-12-15,55,22
2016-12-16,67,19
2016-12-19,109,15
2016-12-20,104,20
2016-12-21,188,17
2016-12-22,228,26
2016-12-23,142,93
2016-12-26,231,76
2016-12-27,232,42
2016-12-28,170,67
2016-12-29,125,69
2016-12-30,172,70
2017-01-03,230,29
2017-01-04,271,10
2017-01-05,168,22
2017-01-06,61,56
2017-01-09,80,58
2017-01-10,53,70
2017-01-11,24,155
2017-01-12,18,260
2017-01-13,20,411
2017-01-16,19,780
2017-01-17,16,164
2017-01-18,33,77
2017-01-19,36,46
2017-01-20,94,13
2017-01-23,181,11
2017-01-24,198,21
2017-01-25,271,25
2017-01-26,384,18
2017-02-03,265,27
2017-02-06,351,21
2017-02-07,189,30
2017-02-08,147,18
2017-02-09,132,16
2017-02-10,59,26
2017-02-13,43,27
2017-02-14,26,44
2017-02-15,18,77
2017-02-16,18,68
2017-02-17,11,132
2017-02-20,40,83
2017-02-21,71,29
2017-02-22,56,35
2017-02-23,42,56
2017-02-24,57,61
2017-02-27,41,122
2017-02-28,34,138
2017-03-01,47,103
2017-03-02,23,215
2017-03-03,40,185
2017-03-06,106,55
2017-03-07,108,42
2017-03-08,53,89
2017-03-09,32,205
2017-03-10,40,164
2017-03-13,66,82
2017-03-14,58,128
2017-03-15,44,153
2017-03-16,127,35
2017-03-17,65,117
2017-03-20,131,142
2017-03-21,128,108
2017-03-22,78,189
2017-03-23,97,136
2017-03-24,99,91
2017-03-27,90,152
2017-03-28,53,172
2017-03-29,58,250
2017-03-30,33,272
2017-03-31,48,111
2017-04-05,168,27
2017-04-06,167,23
2017-04-07,188,42
2017-04-10,118,104
2017-04-11,146,57
2017-04-12,103,97
2017-04-13,88,78
2017-04-14,33,167
2017-04-17,20,230
2017-04-18,34,226
2017-04-19,24,175
2017-04-20,61,98
2017-04-21,49,66
2017-04-24,25,90
2017-04-25,42,31
2017-04-26,46,31
2017-04-27,105,25
2017-04-28,153,30
2017-05-02,192,32
2017-05-03,258,45
2017-05-04,206,33
2017-05-05,113,103
2017-05-08,70,169
2017-05-09,118,80
2017-05-10,45,138
2017-05-11,47,137
2017-05-12,86,90
2017-05-15,109,35
2017-05-16,347,9
2017-05-17,338,7
2017-05-18,252,21
2017-05-19,188,32
2017-05-22,60,151
2017-05-23,41,439
2017-05-24,42,238
2017-05-25,161,67
2017-05-26,163,51
2017-05-31,161,53
2017-06-01,40,232
2017-06-02,124,57
2017-06-05,198,25
2017-06-06,261,17
2017-06-07,328,2
2017-06-08,195,9
2017-06-09,94,14
2017-06-12,27,57
2017-06-13,60,22
2017-06-14,31,44
2017-06-15,55,35
2017-06-16,34,50
2017-06-19,34,37
2017-06-20,37,31
2017-06-21,44,31
2017-06-22,17,106
2017-06-23,24,109
2017-06-26,48,60
2017-06-27,46,43
2017-06-28,29,91
2017-06-29,24,66
2017-06-30,38,59
2017-07-03,92,46
2017-07-04,44,66
2017-07-05,65,38
2017-07-06,66,89
2017-07-07,56,70
2017-07-10,36,124
2017-07-11,25,223
2017-07-12,16,289
2017-07-13,46,222
2017-07-14,45,253
2017-07-17,13,631
2017-07-18,24,153
2017-07-19,99,23
2017-07-20,93,16
2017-07-21,118,18
2017-07-24,136,18
2017-07-25,94,46
2017-07-26,136,41
2017-07-27,295,51
2017-07-28,269,70
2017-07-31,341,41
2017-08-01,281,64
2017-08-02,112,150
2017-08-03,105,114
2017-08-04,99,141
2017-08-07,109,68
2017-08-08,98,64
2017-08-09,105,67
2017-08-10,54,150
2017-08-11,27,287
2017-08-14,121,72
2017-08-15,121,62
2017-08-16,137,42
2017-08-17,137,38
2017-08-18,104,54
2017-08-21,93,28
2017-08-22,69,67
2017-08-23,47,109
2017-08-24,35,210
2017-08-25,77,68
2017-08-28,157,41
2017-08-29,102,71
2017-08-30,102,77
2017-08-31,103,74
2017-09-01,136,65
2017-09-04,152,70
2017-09-05,79,77
2017-09-06,97,90
2017-09-07,54,136
2017-09-08,36,156
2017-09-11,108,110
2017-09-12,65,169
2017-09-13,76,142
2017-09-14,77,198
2017-09-15,74,264
2017-09-18,109,127
2017-09-19,79,200
2017-09-20,126,89
2017-09-22,107,169
2017-09-25,50,353
2017-09-26,43,212
2017-09-27,63,116
2017-09-28,62,140
2017-09-29,134,68
2017-10-09,218,28
2017-10-10,404,31
2017-10-11,215,47
2017-10-12,180,102
2017-10-13,228,90
2017-10-16,42,405
2017-10-17,47,279
2017-10-18,35,334
2017-10-19,29,297
2017-10-20,68,92
2017-10-23,96,56
2017-10-24,87,79
2017-10-25,158,50
2017-10-26,186,44
2017-10-27,106,99
2017-10-30,51,385
2017-10-31,87,129
2017-11-01,99,99
2017-11-02,55,131
2017-11-03,47,112
2017-11-06,91,60
2017-11-07,134,46
2017-11-08,158,50
2017-11-09,211,39
2017-11-10,262,49
2017-11-13,252,90
2017-11-14,130,169
2017-11-15,72,201
2017-11-16,74,248
2017-11-17,31,592
2017-11-20,43,191
2017-11-21,72,87
2017-11-22,71,54
2017-11-23,32,129
2017-11-24,72,91
2017-11-27,49,104
2017-11-28,127,26
2017-11-29,195,32
2017-11-30,167,34
2017-12-01,298,19
2017-12-04,147,82
2017-12-05,49,322
2017-12-06,107,99
2017-12-07,129,82
2017-12-08,272,30
2017-12-11,407,15
2017-12-12,195,54
2017-12-13,262,29
2017-12-14,226,46
2017-12-15,145,49
2017-12-18,108,103
2017-12-19,127,39
2017-12-20,67,107
2017-12-21,89,87
2017-12-22,74,97
2017-12-25,48,216
2017-12-26,93,110
2017-12-27,96,135
2017-12-28,123,77
2017-12-29,182,55
2018-01-02,240,30
2018-01-03,243,26
2018-01-04,153,20
2018-01-05,96,48
2018-01-08,76,61
2018-01-09,35,70
2018-01-10,34,110
2018-01-11,46,77
2018-01-12,46,114
2018-01-15,22,401
2018-01-16,43,325
2018-01-17,95,174
2018-01-18,104,147
2018-01-19,82,117
2018-01-22,174,77
2018-01-23,177,76
2018-01-24,228,65
2018-01-25,204,62
2018-01-26,150,108
2018-01-29,71,267
2018-01-30,81,228
2018-01-31,38,549
2018-02-01,12,650
2018-02-02,41,215
2018-02-05,38,106
2018-02-06,8,146
2018-02-07,17,62
2018-02-08,28,62
2018-02-09,16,59
2018-02-12,69,22
2018-02-13,111,14
2018-02-14,128,9
2018-02-22,276,3
2018-02-23,428,13
2018-02-26,868,2
2018-02-27,487,17
2018-02-28,197,13
2018-03-01,116,11
2018-03-02,54,25
2018-03-05,43,39
2018-03-06,81,11
2018-03-07,41,24
2018-03-08,31,19
2018-03-09,59,13
2018-03-12,58,7
2018-03-13,24,21
2018-03-14,26,43
2018-03-15,14,77
2018-03-16,9,99
2018-03-19,18,130
2018-03-20,29,137
2018-03-21,33,170
2018-03-22,40,205
2018-03-23,21,954
2018-03-26,36,404
2018-03-27,146,59
2018-03-28,141,83
2018-03-29,184,47
2018-03-30,371,26
2018-04-02,286,35
2018-04-03,137,140
2018-04-04,104,159
2018-04-09,106,141
2018-04-10,161,138
2018-04-11,230,89
2018-04-12,124,125
2018-04-13,108,133
2018-04-16,77,258
2018-04-17,20,512
2018-04-18,94,224
2018-04-19,127,139
2018-04-20,45,326
2018-04-23,54,204
2018-04-24,178,38
2018-04-25,0,0
