date,ShenXian_Gordon,ShenXian_Dead
1997-07-09,3,2
1997-07-10,0,2
1997-07-11,9,0
1997-07-14,22,0
1997-07-15,23,0
1997-07-16,19,0
1997-07-17,20,1
1997-07-18,22,2
1997-07-21,22,5
1997-07-22,28,3
1997-07-23,23,5
1997-07-24,6,20
1997-07-25,4,24
1997-07-28,7,31
1997-07-29,8,18
1997-07-30,36,2
1997-07-31,21,2
1997-08-01,32,5
1997-08-04,52,5
1997-08-05,19,6
1997-08-06,4,38
1997-08-07,18,9
1997-08-08,15,10
1997-08-11,8,19
1997-08-12,2,43
1997-08-13,1,52
1997-08-14,12,8
1997-08-15,4,24
1997-08-18,5,19
1997-08-19,2,30
1997-08-20,4,9
1997-08-21,23,3
1997-08-22,27,2
1997-08-25,29,5
1997-08-26,36,4
1997-08-27,34,4
1997-08-28,28,3
1997-08-29,26,5
1997-09-01,16,8
1997-09-02,16,3
1997-09-03,17,1
1997-09-04,25,1
1997-09-05,15,3
1997-09-08,15,6
1997-09-09,3,15
1997-09-10,13,5
1997-09-11,10,13
1997-09-12,2,57
1997-09-15,2,123
1997-09-16,4,57
1997-09-17,1,43
1997-09-18,5,14
1997-09-19,6,6
1997-09-22,2,40
1997-09-23,0,25
1997-09-24,8,1
1997-09-25,5,0
1997-09-26,3,1
1997-09-29,4,1
1997-09-30,5,3
1997-10-06,3,1
1997-10-07,4,6
1997-10-08,15,0
1997-10-09,12,0
1997-10-10,19,3
1997-10-13,11,5
1997-10-14,18,3
1997-10-15,23,4
1997-10-16,52,0
1997-10-17,141,0
1997-10-20,98,1
1997-10-21,28,3
1997-10-22,6,26
1997-10-23,6,25
1997-10-24,8,15
1997-10-27,61,1
1997-10-28,4,50
1997-10-29,2,29
1997-10-30,3,32
1997-10-31,9,19
1997-11-03,13,24
1997-11-04,9,9
1997-11-05,14,9
1997-11-06,7,17
1997-11-07,24,6
1997-11-10,21,8
1997-11-11,31,6
1997-11-12,3,42
1997-11-13,9,18
1997-11-14,13,19
1997-11-17,7,27
1997-11-18,6,42
1997-11-19,4,46
1997-11-20,3,50
1997-11-21,3,60
1997-11-24,1,51
1997-11-25,2,11
1997-11-26,3,5
1997-11-27,7,18
1997-11-28,12,5
1997-12-01,9,5
1997-12-02,14,4
1997-12-03,6,10
1997-12-04,15,1
1997-12-05,19,1
1997-12-08,23,4
1997-12-09,29,0
1997-12-10,41,2
1997-12-11,13,5
1997-12-12,14,12
1997-12-15,36,10
1997-12-16,40,5
1997-12-17,2,27
1997-12-18,11,25
1997-12-19,23,15
1997-12-22,24,9
1997-12-23,17,6
1997-12-24,18,4
1997-12-25,19,4
1997-12-26,35,2
1997-12-29,37,1
1997-12-30,25,11
1997-12-31,17,8
1998-01-05,28,4
1998-01-06,37,3
1998-01-07,34,2
1998-01-08,17,2
1998-01-09,9,3
1998-01-12,4,8
1998-01-13,1,110
1998-01-14,10,43
1998-01-15,23,15
1998-01-16,13,12
1998-01-19,11,29
1998-01-20,4,33
1998-01-21,3,45
1998-01-22,11,35
1998-01-23,28,8
1998-02-09,78,1
1998-02-10,45,18
1998-02-11,44,15
1998-02-12,23,14
1998-02-13,16,6
1998-02-16,10,27
1998-02-17,10,18
1998-02-18,7,21
1998-02-19,4,17
1998-02-20,2,26
1998-02-23,5,70
1998-02-24,4,50
1998-02-25,4,60
1998-02-26,4,24
1998-02-27,7,24
1998-03-02,9,47
1998-03-03,21,13
1998-03-04,15,4
1998-03-05,4,11
1998-03-06,12,11
1998-03-09,12,29
1998-03-10,6,15
1998-03-11,4,23
1998-03-12,5,23
1998-03-13,16,13
1998-03-16,18,4
1998-03-17,22,2
1998-03-18,22,6
1998-03-19,19,7
1998-03-20,16,14
1998-03-23,19,21
1998-03-24,19,6
1998-03-25,27,8
1998-03-26,20,9
1998-03-27,67,3
1998-03-30,94,0
1998-03-31,50,2
1998-04-01,22,5
1998-04-02,41,1
1998-04-03,44,2
1998-04-06,37,0
1998-04-07,19,2
1998-04-08,17,0
1998-04-09,2,7
1998-04-10,8,2
1998-04-13,2,3
1998-04-14,2,6
1998-04-15,4,1
1998-04-16,1,16
1998-04-17,2,26
1998-04-20,3,39
1998-04-21,2,37
1998-04-22,26,4
1998-04-23,15,5
1998-04-24,9,24
1998-04-27,16,35
1998-04-28,29,24
1998-04-29,13,11
1998-04-30,11,2
1998-05-04,18,10
1998-05-05,10,6
1998-05-06,13,9
1998-05-07,8,24
1998-05-08,24,10
1998-05-11,32,33
1998-05-12,7,31
1998-05-13,10,6
1998-05-14,13,17
1998-05-15,11,8
1998-05-18,13,22
1998-05-19,7,16
1998-05-20,7,36
1998-05-21,15,25
1998-05-22,20,12
1998-05-25,39,4
1998-05-26,19,12
1998-05-27,26,6
1998-05-28,15,10
1998-05-29,15,5
1998-06-01,19,4
1998-06-02,10,2
1998-06-03,4,9
1998-06-04,1,19
1998-06-05,6,6
1998-06-08,6,45
1998-06-09,4,103
1998-06-10,6,83
1998-06-11,2,64
1998-06-12,11,3
1998-06-15,10,30
1998-06-16,4,20
1998-06-17,10,19
1998-06-18,15,7
1998-06-19,38,0
1998-06-22,58,3
1998-06-23,24,6
1998-06-24,17,9
1998-06-25,8,23
1998-06-26,9,27
1998-06-29,8,63
1998-06-30,1,52
1998-07-01,4,61
1998-07-02,9,25
1998-07-03,9,13
1998-07-06,4,27
1998-07-07,10,13
1998-07-08,13,5
1998-07-09,22,5
1998-07-10,18,1
1998-07-13,41,6
1998-07-14,20,19
1998-07-15,22,17
1998-07-16,11,24
1998-07-17,8,17
1998-07-20,11,16
1998-07-21,5,7
1998-07-22,8,16
1998-07-23,25,2
1998-07-24,24,8
1998-07-27,32,7
1998-07-28,25,6
1998-07-29,10,23
1998-07-30,19,14
1998-07-31,18,17
1998-08-03,17,15
1998-08-04,13,37
1998-08-05,22,11
1998-08-06,8,17
1998-08-07,2,32
1998-08-10,5,61
1998-08-11,2,43
1998-08-12,5,27
1998-08-13,5,8
1998-08-14,3,13
1998-08-17,1,24
1998-08-18,2,11
1998-08-19,5,0
1998-08-20,13,0
1998-08-21,11,0
1998-08-24,19,0
1998-08-25,29,1
1998-08-26,17,5
1998-08-27,13,13
1998-08-28,6,12
1998-08-31,19,1
1998-09-01,10,12
1998-09-02,16,14
1998-09-03,15,5
1998-09-04,34,0
1998-09-07,52,0
1998-09-08,32,1
1998-09-09,85,1
1998-09-10,126,0
1998-09-11,59,1
1998-09-14,68,0
1998-09-15,24,3
1998-09-16,16,2
1998-09-17,7,14
1998-09-18,1,50
1998-09-21,3,34
1998-09-22,14,32
1998-09-23,13,14
1998-09-24,1,60
1998-09-25,13,14
1998-09-28,21,14
1998-09-29,18,15
1998-09-30,23,2
1998-10-05,16,15
1998-10-06,5,53
1998-10-07,1,54
1998-10-08,17,16
1998-10-09,25,8
1998-10-12,32,11
1998-10-13,17,13
1998-10-14,12,11
1998-10-15,19,5
1998-10-16,22,9
1998-10-19,27,18
1998-10-20,15,11
1998-10-21,2,85
1998-10-22,7,54
1998-10-23,3,71
1998-10-26,12,54
1998-10-27,15,13
1998-10-28,31,2
1998-10-29,20,10
1998-10-30,17,7
1998-11-02,33,6
1998-11-03,38,2
1998-11-04,28,5
1998-11-05,34,8
1998-11-06,40,6
1998-11-09,72,1
1998-11-10,44,7
1998-11-11,27,5
1998-11-12,15,14
1998-11-13,9,30
1998-11-16,9,26
1998-11-17,15,17
1998-11-18,5,34
1998-11-19,4,44
1998-11-20,3,34
1998-11-23,9,53
1998-11-24,12,20
1998-11-25,3,50
1998-11-26,6,70
1998-11-27,7,91
1998-11-30,17,36
1998-12-01,5,39
1998-12-02,9,22
1998-12-03,9,20
1998-12-04,3,30
1998-12-07,7,22
1998-12-08,10,10
1998-12-09,13,10
1998-12-10,2,16
1998-12-11,4,8
1998-12-14,3,14
1998-12-15,1,8
1998-12-16,1,6
1998-12-17,5,10
1998-12-18,5,14
1998-12-21,6,3
1998-12-22,15,2
1998-12-23,10,4
1998-12-24,11,5
1998-12-25,10,4
1998-12-28,5,12
1998-12-29,1,16
1998-12-30,6,5
1998-12-31,6,8
1999-01-04,4,8
1999-01-05,7,6
1999-01-06,7,2
1999-01-07,19,3
1999-01-08,40,1
1999-01-11,62,3
1999-01-12,22,13
1999-01-13,15,20
1999-01-14,16,21
1999-01-15,10,31
1999-01-18,49,6
1999-01-19,38,3
1999-01-20,31,7
1999-01-21,36,2
1999-01-22,32,5
1999-01-25,25,37
1999-01-26,9,51
1999-01-27,20,26
1999-01-28,18,41
1999-01-29,16,34
1999-02-01,29,34
1999-02-02,13,19
1999-02-03,10,30
1999-02-04,5,47
1999-02-05,3,47
1999-02-08,1,29
1999-02-09,20,7
1999-03-01,32,1
1999-03-02,42,5
1999-03-03,59,0
1999-03-04,57,1
1999-03-05,68,1
1999-03-08,82,3
1999-03-09,32,3
1999-03-10,18,19
1999-03-11,50,1
1999-03-12,52,3
1999-03-15,49,7
1999-03-16,29,9
1999-03-17,7,10
1999-03-18,9,33
1999-03-19,24,6
1999-03-22,16,18
1999-03-23,13,20
1999-03-24,12,16
1999-03-25,4,44
1999-03-26,7,48
1999-03-29,16,17
1999-03-30,7,32
1999-03-31,11,43
1999-04-01,24,13
1999-04-02,36,4
1999-04-05,40,6
1999-04-06,35,8
1999-04-07,18,20
1999-04-08,8,20
1999-04-09,9,36
1999-04-12,5,72
1999-04-13,4,67
1999-04-14,11,35
1999-04-15,3,49
1999-04-16,4,52
1999-04-19,11,34
1999-04-20,7,13
1999-04-21,8,32
1999-04-22,10,26
1999-04-23,12,15
1999-04-26,15,32
1999-04-27,1,24
1999-04-28,3,36
1999-04-29,10,7
1999-04-30,15,5
1999-05-04,17,10
1999-05-05,22,7
1999-05-06,21,2
1999-05-07,14,4
1999-05-10,3,55
1999-05-11,10,11
1999-05-12,9,16
1999-05-13,9,12
1999-05-14,1,27
1999-05-17,14,15
1999-05-18,3,10
1999-05-19,45,1
1999-05-20,91,0
1999-05-21,110,0
1999-05-24,176,0
1999-05-25,55,1
1999-05-26,80,4
1999-05-27,55,3
1999-05-28,10,2
1999-05-31,4,16
1999-06-01,14,0
1999-06-02,8,9
1999-06-03,3,21
1999-06-04,4,32
1999-06-07,18,4
1999-06-08,30,1
1999-06-09,24,2
1999-06-10,5,0
1999-06-11,8,2
1999-06-14,4,0
1999-06-15,1,2
1999-06-16,1,0
1999-06-17,3,1
1999-06-18,0,5
1999-06-21,1,2
1999-06-22,4,2
1999-06-23,2,0
1999-06-25,0,2
1999-06-29,3,0
1999-06-30,1,3
1999-07-01,1,28
1999-07-02,2,31
1999-07-05,5,61
1999-07-06,0,80
1999-07-07,7,34
1999-07-08,9,13
1999-07-09,15,18
1999-07-12,22,45
1999-07-13,7,70
1999-07-14,15,13
1999-07-15,10,24
1999-07-16,7,72
1999-07-19,7,104
1999-07-20,33,10
1999-07-21,54,6
1999-07-22,12,43
1999-07-23,26,14
1999-07-26,43,4
1999-07-27,32,15
1999-07-28,32,10
1999-07-29,20,15
1999-07-30,37,9
1999-08-02,80,13
1999-08-03,54,4
1999-08-04,57,5
1999-08-05,35,11
1999-08-06,14,30
1999-08-09,11,49
1999-08-10,3,67
1999-08-11,2,69
1999-08-12,5,50
1999-08-13,14,62
1999-08-16,12,50
1999-08-17,17,23
1999-08-18,29,10
1999-08-19,68,0
1999-08-20,53,2
1999-08-23,60,7
1999-08-24,49,5
1999-08-25,13,24
1999-08-26,11,9
1999-08-27,19,11
1999-08-30,19,29
1999-08-31,17,21
1999-09-01,2,46
1999-09-02,8,24
1999-09-03,4,73
1999-09-06,6,80
1999-09-07,5,39
1999-09-08,10,18
1999-09-09,172,1
1999-09-10,93,2
1999-09-13,57,7
1999-09-14,48,9
1999-09-15,10,9
1999-09-16,9,36
1999-09-17,7,28
1999-09-20,1,57
1999-09-21,6,53
1999-09-22,5,60
1999-09-23,1,82
1999-09-24,12,28
1999-09-27,8,44
1999-09-28,6,51
1999-09-29,6,47
1999-09-30,5,52
1999-10-08,3,56
1999-10-11,3,26
1999-10-12,7,7
1999-10-13,4,9
1999-10-14,5,6
1999-10-15,16,1
1999-10-18,8,4
1999-10-19,4,27
1999-10-20,8,5
1999-10-21,8,10
1999-10-22,15,2
1999-10-25,11,6
1999-10-26,20,5
1999-10-27,45,1
1999-10-28,29,6
1999-10-29,14,7
1999-11-01,14,20
1999-11-02,5,22
1999-11-03,12,19
1999-11-04,4,22
1999-11-05,7,16
1999-11-08,18,10
1999-11-09,10,14
1999-11-10,14,7
1999-11-11,11,18
1999-11-12,10,11
1999-11-15,28,5
1999-11-16,25,13
1999-11-17,58,3
1999-11-18,76,1
1999-11-19,44,10
1999-11-22,41,10
1999-11-23,28,13
1999-11-24,11,18
1999-11-25,13,41
1999-11-26,15,31
1999-11-29,17,31
1999-11-30,18,20
1999-12-01,34,9
1999-12-02,15,30
1999-12-03,28,16
1999-12-06,25,34
1999-12-07,23,24
1999-12-08,16,25
1999-12-09,16,35
1999-12-10,29,23
1999-12-13,14,47
1999-12-14,17,31
1999-12-15,43,3
1999-12-16,25,27
1999-12-17,14,35
1999-12-21,7,53
1999-12-22,12,44
1999-12-23,2,40
1999-12-24,4,35
1999-12-27,5,21
1999-12-28,7,8
1999-12-29,12,9
1999-12-30,22,4
2000-01-04,40,0
2000-01-05,40,1
2000-01-06,123,0
2000-01-07,229,0
2000-01-10,150,0
2000-01-11,8,27
2000-01-12,2,91
2000-01-13,3,101
2000-01-14,0,105
2000-01-17,11,52
2000-01-18,17,34
2000-01-19,32,22
2000-01-20,60,2
2000-01-21,30,22
2000-01-24,47,26
2000-01-25,28,12
2000-01-26,34,14
2000-01-27,30,11
2000-01-28,44,5
2000-02-14,157,0
2000-02-15,32,0
2000-02-16,26,10
2000-02-17,14,6
2000-02-18,6,19
2000-02-21,18,10
2000-02-22,7,31
2000-02-23,6,34
2000-02-24,7,15
2000-02-25,10,36
2000-02-28,39,2
2000-02-29,26,7
2000-03-01,19,10
2000-03-02,14,6
2000-03-03,22,4
2000-03-06,2,31
2000-03-07,7,27
2000-03-08,8,17
2000-03-09,8,21
2000-03-10,8,40
2000-03-13,8,20
2000-03-14,6,71
2000-03-15,22,32
2000-03-16,3,150
2000-03-17,14,35
2000-03-20,53,1
2000-03-21,57,6
2000-03-22,48,2
2000-03-23,55,3
2000-03-24,27,7
2000-03-27,55,2
2000-03-28,48,5
2000-03-29,24,3
2000-03-30,19,2
2000-03-31,4,14
2000-04-03,6,13
2000-04-04,4,27
2000-04-05,4,36
2000-04-06,26,5
2000-04-07,29,7
2000-04-10,11,9
2000-04-11,18,10
2000-04-12,3,19
2000-04-13,7,18
2000-04-14,5,16
2000-04-17,2,76
2000-04-18,4,33
2000-04-19,17,19
2000-04-20,23,8
2000-04-21,17,13
2000-04-24,10,29
2000-04-25,7,26
2000-04-26,11,25
2000-04-27,7,64
2000-04-28,18,34
2000-05-08,17,41
2000-05-09,12,75
2000-05-10,1,133
2000-05-11,2,77
2000-05-12,8,39
2000-05-15,7,23
2000-05-16,14,11
2000-05-17,6,11
2000-05-18,19,1
2000-05-19,47,2
2000-05-22,76,1
2000-05-23,104,1
2000-05-24,104,0
2000-05-25,152,1
2000-05-26,72,1
2000-05-29,23,6
2000-05-30,10,20
2000-05-31,11,12
2000-06-01,16,11
2000-06-02,10,15
2000-06-05,15,23
2000-06-06,31,10
2000-06-07,18,4
2000-06-08,9,18
2000-06-09,3,41
2000-06-12,5,40
2000-06-13,9,15
2000-06-14,8,24
2000-06-15,20,20
2000-06-16,10,21
2000-06-19,12,36
2000-06-20,5,56
2000-06-21,18,31
2000-06-22,23,31
2000-06-23,45,16
2000-06-26,45,13
2000-06-27,16,18
2000-06-28,12,23
2000-06-29,15,27
2000-06-30,10,43
2000-07-03,3,89
2000-07-04,7,44
2000-07-05,6,29
2000-07-06,10,39
2000-07-07,41,11
2000-07-10,41,11
2000-07-11,33,10
2000-07-12,47,6
2000-07-13,38,13
2000-07-14,19,14
2000-07-17,26,23
2000-07-18,26,15
2000-07-19,30,14
2000-07-20,21,18
2000-07-21,30,26
2000-07-24,29,35
2000-07-25,20,27
2000-07-26,31,10
2000-07-27,35,14
2000-07-28,33,11
2000-07-31,28,25
2000-08-01,21,11
2000-08-02,16,13
2000-08-03,17,18
2000-08-04,20,48
2000-08-07,18,43
2000-08-08,26,13
2000-08-09,37,16
2000-08-10,42,21
2000-08-11,22,18
2000-08-14,23,19
2000-08-15,27,14
2000-08-16,18,17
2000-08-17,20,13
2000-08-18,15,24
2000-08-21,30,13
2000-08-22,5,38
2000-08-23,8,92
2000-08-24,15,61
2000-08-25,19,30
2000-08-28,41,11
2000-08-29,27,9
2000-08-30,10,33
2000-08-31,8,117
2000-09-01,1,86
2000-09-04,6,41
2000-09-05,2,65
2000-09-06,7,43
2000-09-07,10,13
2000-09-08,16,9
2000-09-11,22,4
2000-09-12,28,5
2000-09-13,18,4
2000-09-14,20,8
2000-09-15,20,5
2000-09-18,10,21
2000-09-19,5,58
2000-09-20,13,17
2000-09-21,8,35
2000-09-22,7,19
2000-09-25,7,33
2000-09-26,11,9
2000-09-27,9,11
2000-09-28,14,12
2000-09-29,23,7
2000-10-09,45,7
2000-10-10,64,4
2000-10-11,49,3
2000-10-12,44,13
2000-10-13,38,10
2000-10-16,25,27
2000-10-17,21,11
2000-10-18,25,10
2000-10-19,17,14
2000-10-20,63,12
2000-10-23,73,9
2000-10-24,55,4
2000-10-25,56,3
2000-10-26,24,18
2000-10-27,21,13
2000-10-30,19,29
2000-10-31,12,29
2000-11-01,19,20
2000-11-02,29,15
2000-11-03,32,13
2000-11-06,27,18
2000-11-07,22,23
2000-11-08,29,6
2000-11-09,44,7
2000-11-10,42,5
2000-11-13,31,5
2000-11-14,20,5
2000-11-15,13,1
2000-11-16,12,0
2000-11-17,7,9
2000-11-20,10,7
2000-11-21,3,4
2000-11-22,5,3
2000-11-23,11,6
2000-11-24,2,35
2000-11-27,4,68
2000-11-28,9,45
2000-11-29,12,58
2000-11-30,18,54
2000-12-01,28,30
2000-12-04,47,11
2000-12-05,25,20
2000-12-06,18,52
2000-12-07,11,59
2000-12-08,12,48
2000-12-11,7,87
2000-12-12,18,42
2000-12-13,14,30
2000-12-14,10,36
2000-12-15,10,39
2000-12-18,29,31
2000-12-19,28,29
2000-12-20,52,4
2000-12-21,61,8
2000-12-22,39,18
2000-12-25,31,32
2000-12-26,41,14
2000-12-27,15,38
2000-12-28,21,32
2000-12-29,45,12
2001-01-02,83,11
2001-01-03,93,9
2001-01-04,36,5
2001-01-05,20,16
2001-01-08,10,46
2001-01-09,7,42
2001-01-10,20,20
2001-01-11,16,24
2001-01-12,8,34
2001-01-15,0,137
2001-01-16,2,93
2001-01-17,2,87
2001-01-18,4,40
2001-01-19,22,5
2001-02-05,2,58
2001-02-06,1,49
2001-02-07,7,38
2001-02-08,2,40
2001-02-09,3,5
2001-02-12,16,6
2001-02-13,12,6
2001-02-14,7,4
2001-02-15,3,6
2001-02-16,7,16
2001-02-19,12,3
2001-02-20,8,11
2001-02-21,4,21
2001-02-22,7,13
2001-02-23,20,4
2001-02-26,26,0
2001-02-27,35,2
2001-02-28,28,7
2001-03-01,48,3
2001-03-02,62,1
2001-03-05,59,5
2001-03-06,41,5
2001-03-07,38,6
2001-03-08,53,10
2001-03-09,96,7
2001-03-12,69,23
2001-03-13,22,35
2001-03-14,47,13
2001-03-15,54,14
2001-03-16,48,26
2001-03-19,57,15
2001-03-20,53,8
2001-03-21,56,3
2001-03-22,53,1
2001-03-23,6,11
2001-03-26,11,4
2001-03-27,21,1
2001-03-28,7,2
2001-03-29,1,5
2001-03-30,7,6
2001-04-02,7,4
2001-04-03,3,7
2001-04-04,4,26
2001-04-05,2,19
2001-04-06,12,54
2001-04-09,8,61
2001-04-10,15,21
2001-04-11,17,21
2001-04-12,28,15
2001-04-13,28,16
2001-04-16,43,10
2001-04-17,40,15
2001-04-18,11,26
2001-04-19,12,38
2001-04-20,5,56
2001-04-23,6,87
2001-04-24,9,23
2001-04-25,5,79
2001-04-26,3,129
2001-04-27,7,67
2001-04-30,14,41
2001-05-08,25,10
2001-05-09,40,16
2001-05-10,47,8
2001-05-11,58,12
2001-05-14,67,8
2001-05-15,62,4
2001-05-16,70,3
2001-05-17,37,21
2001-05-18,29,11
2001-05-21,28,19
2001-05-22,24,19
2001-05-23,14,42
2001-05-24,11,44
2001-05-25,16,33
2001-05-28,5,70
2001-05-29,15,40
2001-05-30,35,3
2001-05-31,35,10
2001-06-01,32,10
2001-06-04,38,13
2001-06-05,31,15
2001-06-06,36,8
2001-06-07,19,9
2001-06-08,11,29
2001-06-11,16,30
2001-06-12,14,16
2001-06-13,25,13
2001-06-14,7,48
2001-06-15,22,43
2001-06-18,5,140
2001-06-19,6,94
2001-06-20,5,58
2001-06-21,9,11
2001-06-22,39,4
2001-06-25,71,4
2001-06-26,84,5
2001-06-27,66,13
2001-06-28,16,30
2001-06-29,23,28
2001-07-02,11,50
2001-07-03,7,43
2001-07-04,11,45
2001-07-05,9,91
2001-07-06,8,102
2001-07-09,17,46
2001-07-10,34,5
2001-07-11,18,39
2001-07-12,8,23
2001-07-13,13,23
2001-07-16,18,28
2001-07-17,14,26
2001-07-18,12,11
2001-07-19,17,9
2001-07-20,51,5
2001-07-23,55,5
2001-07-24,15,39
2001-07-25,8,48
2001-07-26,5,60
2001-07-27,6,51
2001-07-30,1,101
2001-07-31,0,31
2001-08-01,6,3
2001-08-02,3,4
2001-08-03,8,2
2001-08-06,2,4
2001-08-07,4,3
2001-08-08,7,0
2001-08-09,8,0
2001-08-10,14,2
2001-08-13,16,0
2001-08-14,16,3
2001-08-15,23,1
2001-08-16,9,13
2001-08-17,9,11
2001-08-20,20,1
2001-08-21,33,3
2001-08-22,10,23
2001-08-23,22,14
2001-08-24,8,29
2001-08-27,1,62
2001-08-28,10,6
2001-08-29,6,5
2001-08-30,4,9
2001-08-31,4,8
2001-09-03,9,6
2001-09-04,30,0
2001-09-05,49,0
2001-09-06,39,4
2001-09-07,1,59
2001-09-10,35,2
2001-09-11,55,8
2001-09-12,21,27
2001-09-13,9,34
2001-09-14,6,35
2001-09-17,0,43
2001-09-18,13,18
2001-09-19,24,2
2001-09-20,21,6
2001-09-21,3,7
2001-09-24,9,18
2001-09-25,12,9
2001-09-26,0,38
2001-09-27,6,20
2001-09-28,8,8
2001-10-08,3,29
2001-10-09,7,4
2001-10-10,1,14
2001-10-11,0,15
2001-10-12,8,4
2001-10-15,17,2
2001-10-16,5,5
2001-10-17,6,6
2001-10-18,0,6
2001-10-19,1,8
2001-10-22,2,17
2001-10-23,40,0
2001-10-24,40,4
2001-10-25,23,12
2001-10-26,28,4
2001-10-29,66,1
2001-10-30,48,4
2001-10-31,69,11
2001-11-01,82,1
2001-11-02,42,15
2001-11-05,28,45
2001-11-06,17,31
2001-11-07,0,218
2001-11-08,3,65
2001-11-09,18,2
2001-11-12,18,13
2001-11-13,14,14
2001-11-14,27,2
2001-11-15,23,4
2001-11-16,39,2
2001-11-19,96,2
2001-11-20,231,1
2001-11-21,221,4
2001-11-22,130,2
2001-11-23,29,2
2001-11-26,14,6
2001-11-27,21,4
2001-11-28,16,0
2001-11-29,11,4
2001-11-30,9,2
2001-12-03,6,3
2001-12-04,6,2
2001-12-05,2,3
2001-12-06,2,8
2001-12-07,7,15
2001-12-10,3,21
2001-12-11,1,38
2001-12-12,1,69
2001-12-13,0,238
2001-12-14,2,231
2001-12-17,1,129
2001-12-18,28,9
2001-12-19,11,45
2001-12-20,3,84
2001-12-21,7,16
2001-12-24,5,31
2001-12-25,9,16
2001-12-26,11,5
2001-12-27,14,3
2001-12-28,33,12
2001-12-31,45,8
2002-01-04,7,29
2002-01-07,4,36
2002-01-08,5,35
2002-01-09,3,32
2002-01-10,1,11
2002-01-11,3,9
2002-01-14,1,21
2002-01-15,1,10
2002-01-16,2,5
2002-01-17,2,5
2002-01-18,0,1
2002-01-21,1,2
2002-01-22,1,1
2002-01-23,14,1
2002-01-24,19,1
2002-01-25,18,1
2002-01-28,2,26
2002-01-29,5,3
2002-01-30,8,3
2002-01-31,71,0
2002-02-01,72,2
2002-02-04,131,0
2002-02-05,182,1
2002-02-06,28,21
2002-02-07,129,0
2002-02-08,67,3
2002-02-25,133,3
2002-02-26,69,5
2002-02-27,38,5
2002-02-28,5,13
2002-03-01,2,39
2002-03-04,10,12
2002-03-05,58,1
2002-03-06,22,0
2002-03-07,25,1
2002-03-08,11,0
2002-03-11,5,0
2002-03-12,1,3
2002-03-13,1,1
2002-03-14,1,1
2002-03-15,3,1
2002-03-18,0,9
2002-03-19,1,1
2002-03-20,4,0
2002-03-21,2,1
2002-03-22,3,3
2002-03-25,1,6
2002-03-26,1,10
2002-03-27,2,20
2002-03-28,2,24
2002-03-29,1,129
2002-04-01,4,150
2002-04-02,1,201
2002-04-03,6,72
2002-04-04,79,2
2002-04-05,54,7
2002-04-08,48,10
2002-04-09,136,2
2002-04-10,104,0
2002-04-11,16,28
2002-04-12,22,15
2002-04-15,13,46
2002-04-16,13,52
2002-04-17,25,48
2002-04-18,6,96
2002-04-19,15,60
2002-04-22,14,84
2002-04-23,11,65
2002-04-24,7,83
2002-04-25,16,48
2002-04-26,69,4
2002-04-29,195,0
2002-04-30,152,3
2002-05-08,27,27
2002-05-09,25,34
2002-05-10,12,75
2002-05-13,8,123
2002-05-14,4,84
2002-05-15,6,101
2002-05-16,1,182
2002-05-17,5,54
2002-05-20,3,36
2002-05-21,39,2
2002-05-22,25,10
2002-05-23,34,2
2002-05-24,8,25
2002-05-27,17,7
2002-05-28,11,4
2002-05-29,3,25
2002-05-30,4,34
2002-05-31,7,39
2002-06-03,1,37
2002-06-04,5,11
2002-06-05,1,25
2002-06-06,11,2
2002-06-07,34,2
2002-06-10,22,4
2002-06-11,37,7
2002-06-12,32,4
2002-06-13,14,14
2002-06-14,1,38
2002-06-17,7,23
2002-06-18,49,2
2002-06-19,23,10
2002-06-20,45,6
2002-06-21,292,0
2002-06-24,477,0
2002-06-25,18,3
2002-06-26,4,4
2002-06-27,2,8
2002-06-28,0,4
2002-07-01,0,6
2002-07-02,2,6
2002-07-03,1,4
2002-07-04,4,6
2002-07-05,1,5
2002-07-08,3,2
2002-07-09,3,9
2002-07-10,0,18
2002-07-11,6,18
2002-07-12,4,33
2002-07-15,5,48
2002-07-16,6,74
2002-07-17,12,27
2002-07-18,19,21
2002-07-19,34,13
2002-07-22,5,95
2002-07-23,6,118
2002-07-24,4,105
2002-07-25,8,111
2002-07-26,9,80
2002-07-29,17,39
2002-07-30,28,26
2002-07-31,7,67
2002-08-01,15,29
2002-08-02,21,16
2002-08-05,16,34
2002-08-06,41,2
2002-08-07,31,17
2002-08-08,19,26
2002-08-09,5,67
2002-08-12,10,39
2002-08-13,12,38
2002-08-14,24,8
2002-08-15,11,20
2002-08-16,39,8
2002-08-19,25,16
2002-08-20,92,1
2002-08-21,103,7
2002-08-22,159,0
2002-08-23,116,7
2002-08-26,38,59
2002-08-27,91,29
2002-08-28,36,28
2002-08-29,9,61
2002-08-30,8,60
2002-09-02,24,47
2002-09-03,26,12
2002-09-04,25,48
2002-09-05,8,187
2002-09-06,1,145
2002-09-09,5,93
2002-09-10,8,29
2002-09-11,8,16
2002-09-12,20,4
2002-09-13,12,12
2002-09-16,7,24
2002-09-17,7,15
2002-09-18,7,23
2002-09-19,30,12
2002-09-20,17,18
2002-09-23,18,10
2002-09-24,12,19
2002-09-25,16,19
2002-09-26,8,28
2002-09-27,5,32
2002-10-08,2,31
2002-10-09,2,30
2002-10-10,4,13
2002-10-11,1,7
2002-10-14,1,0
2002-10-15,5,4
2002-10-16,14,4
2002-10-17,3,7
2002-10-18,6,2
2002-10-21,9,4
2002-10-22,20,1
2002-10-23,42,3
2002-10-24,19,6
2002-10-25,11,23
2002-10-28,3,28
2002-10-29,10,9
2002-10-30,16,9
2002-10-31,8,3
2002-11-01,15,5
2002-11-04,48,2
2002-11-05,139,0
2002-11-06,97,0
2002-11-07,75,4
2002-11-08,9,169
2002-11-11,5,137
2002-11-12,1,79
2002-11-13,0,19
2002-11-14,0,16
2002-11-15,7,5
2002-11-18,6,13
2002-11-19,7,7
2002-11-20,0,13
2002-11-21,2,17
2002-11-22,1,7
2002-11-25,5,2
2002-11-26,1,7
2002-11-27,5,2
2002-11-28,11,0
2002-11-29,21,1
2002-12-02,4,4
2002-12-03,16,4
2002-12-04,24,1
2002-12-05,7,3
2002-12-06,12,6
2002-12-09,10,5
2002-12-10,5,18
2002-12-11,5,8
2002-12-12,8,7
2002-12-13,29,8
2002-12-16,52,1
2002-12-17,99,2
2002-12-18,61,6
2002-12-19,97,9
2002-12-20,211,0
2002-12-23,130,6
2002-12-24,96,7
2002-12-25,18,41
2002-12-26,2,404
2002-12-27,8,170
2002-12-30,12,89
2002-12-31,22,34
2003-01-02,5,58
2003-01-03,5,31
2003-01-06,6,13
2003-01-07,16,6
2003-01-08,50,0
2003-01-09,144,3
2003-01-10,89,2
2003-01-13,96,3
2003-01-14,334,1
2003-01-15,153,0
2003-01-16,74,2
2003-01-17,13,3
2003-01-20,6,3
2003-01-21,1,10
2003-01-22,1,16
2003-01-23,2,20
2003-01-24,9,10
2003-01-27,19,4
2003-01-28,9,2
2003-01-29,9,3
2003-02-10,7,9
2003-02-11,7,6
2003-02-12,10,1
2003-02-13,8,4
2003-02-14,6,2
2003-02-17,1,7
2003-02-18,2,15
2003-02-19,6,7
2003-02-20,6,10
2003-02-21,1,59
2003-02-24,2,105
2003-02-25,59,1
2003-02-26,20,5
2003-02-27,18,16
2003-02-28,12,24
2003-03-03,28,16
2003-03-04,29,22
2003-03-05,14,33
2003-03-06,4,177
2003-03-07,6,169
2003-03-10,3,240
2003-03-11,5,92
2003-03-12,10,31
2003-03-13,11,26
2003-03-14,9,16
2003-03-17,23,16
2003-03-18,11,22
2003-03-19,19,16
2003-03-20,11,22
2003-03-21,27,12
2003-03-24,28,3
2003-03-25,13,18
2003-03-26,18,34
2003-03-27,58,1
2003-03-28,49,6
2003-03-31,74,8
2003-04-01,98,1
2003-04-02,86,3
2003-04-03,43,23
2003-04-04,46,23
2003-04-07,15,97
2003-04-08,13,78
2003-04-09,20,40
2003-04-10,59,20
2003-04-11,85,9
2003-04-14,166,4
2003-04-15,120,4
2003-04-16,18,20
2003-04-17,11,28
2003-04-18,26,26
2003-04-21,10,64
2003-04-22,12,43
2003-04-23,5,131
2003-04-24,9,184
2003-04-25,3,154
2003-04-28,29,28
2003-04-29,8,40
2003-04-30,16,23
2003-05-12,17,26
2003-05-13,10,42
2003-05-14,18,7
2003-05-15,35,3
2003-05-16,24,1
2003-05-19,29,2
2003-05-20,16,6
2003-05-21,22,8
2003-05-22,11,7
2003-05-23,38,2
2003-05-26,57,9
2003-05-27,47,7
2003-05-28,33,12
2003-05-29,92,14
2003-05-30,91,6
2003-06-02,117,10
2003-06-03,32,56
2003-06-04,30,49
2003-06-05,15,72
2003-06-06,6,140
2003-06-09,11,174
2003-06-10,16,47
2003-06-11,64,7
2003-06-12,56,16
2003-06-13,91,8
2003-06-16,58,22
2003-06-17,47,43
2003-06-18,34,37
2003-06-19,8,122
2003-06-20,18,89
2003-06-23,9,111
2003-06-24,13,48
2003-06-25,11,52
2003-06-26,21,35
2003-06-27,8,31
2003-06-30,13,29
2003-07-01,5,22
2003-07-02,12,23
2003-07-03,14,10
2003-07-04,22,4
2003-07-07,33,5
2003-07-08,32,7
2003-07-09,20,2
2003-07-10,71,2
2003-07-11,56,8
2003-07-14,40,16
2003-07-15,37,18
2003-07-16,32,14
2003-07-17,43,13
2003-07-18,14,78
2003-07-21,6,81
2003-07-22,15,35
2003-07-23,25,13
2003-07-24,9,27
2003-07-25,8,32
2003-07-28,6,43
2003-07-29,12,17
2003-07-30,10,13
2003-07-31,13,7
2003-08-01,21,10
2003-08-04,52,5
2003-08-05,35,6
2003-08-06,42,10
2003-08-07,27,17
2003-08-08,14,36
2003-08-11,27,42
2003-08-12,37,13
2003-08-13,18,63
2003-08-14,14,52
2003-08-15,23,26
2003-08-18,21,27
2003-08-19,17,18
2003-08-20,23,25
2003-08-21,19,16
2003-08-22,42,15
2003-08-25,14,61
2003-08-26,16,26
2003-08-27,21,16
2003-08-28,19,20
2003-08-29,27,17
2003-09-01,75,1
2003-09-02,66,2
2003-09-03,92,9
2003-09-04,54,6
2003-09-05,22,61
2003-09-08,23,67
2003-09-09,22,51
2003-09-10,15,32
2003-09-11,13,27
2003-09-12,8,86
2003-09-15,7,69
2003-09-16,19,24
2003-09-17,13,22
2003-09-18,18,24
2003-09-19,17,12
2003-09-22,18,16
2003-09-23,20,11
2003-09-24,25,4
2003-09-25,9,34
2003-09-26,10,36
2003-09-29,6,34
2003-09-30,15,18
2003-10-08,26,15
2003-10-09,30,10
2003-10-10,74,1
2003-10-13,65,5
2003-10-14,44,15
2003-10-15,24,24
2003-10-16,15,71
2003-10-17,12,35
2003-10-20,13,42
2003-10-21,22,23
2003-10-22,86,4
2003-10-23,30,9
2003-10-24,21,24
2003-10-27,14,55
2003-10-28,23,41
2003-10-29,14,49
2003-10-30,7,43
2003-10-31,8,19
2003-11-03,18,5
2003-11-04,39,5
2003-11-05,30,6
2003-11-06,13,20
2003-11-07,2,36
2003-11-10,7,22
2003-11-11,11,14
2003-11-12,2,25
2003-11-13,3,23
2003-11-14,15,5
2003-11-17,11,11
2003-11-18,8,24
2003-11-19,20,10
2003-11-20,84,3
2003-11-21,69,8
2003-11-24,193,0
2003-11-25,232,4
2003-11-26,130,2
2003-11-27,19,37
2003-11-28,27,20
2003-12-01,70,5
2003-12-02,48,4
2003-12-03,36,7
2003-12-04,26,9
2003-12-05,12,5
2003-12-08,14,13
2003-12-09,3,18
2003-12-10,12,16
2003-12-11,13,13
2003-12-12,18,9
2003-12-15,12,7
2003-12-16,7,39
2003-12-17,6,124
2003-12-18,7,242
2003-12-19,11,249
2003-12-22,22,36
2003-12-23,26,24
2003-12-24,51,14
2003-12-25,38,5
2003-12-26,24,13
2003-12-29,21,23
2003-12-30,21,20
2003-12-31,22,32
2004-01-02,37,23
2004-01-05,47,27
2004-01-06,38,30
2004-01-07,45,18
2004-01-08,97,7
2004-01-09,61,9
2004-01-12,58,9
2004-01-13,100,6
2004-01-14,76,9
2004-01-15,27,18
2004-01-16,36,11
2004-01-29,89,1
2004-01-30,46,20
2004-02-02,53,11
2004-02-03,36,2
2004-02-04,22,1
2004-02-05,15,0
2004-02-06,8,3
2004-02-09,7,2
2004-02-10,3,7
2004-02-11,0,13
2004-02-12,1,11
2004-02-13,1,13
2004-02-16,5,3
2004-02-17,3,6
2004-02-18,19,0
2004-02-19,5,3
2004-02-20,2,6
2004-02-23,3,11
2004-02-24,2,24
2004-02-25,2,70
2004-02-26,4,129
2004-02-27,13,74
2004-03-01,30,21
2004-03-02,34,28
2004-03-03,7,109
2004-03-04,27,56
2004-03-05,21,71
2004-03-08,8,175
2004-03-09,8,136
2004-03-10,26,27
2004-03-11,60,6
2004-03-12,50,12
2004-03-15,127,3
2004-03-16,113,3
2004-03-17,122,13
2004-03-18,24,70
2004-03-19,64,21
2004-03-22,88,10
2004-03-23,56,28
2004-03-24,58,33
2004-03-25,39,24
2004-03-26,29,40
2004-03-29,26,75
2004-03-30,26,77
2004-03-31,68,12
2004-04-01,59,3
2004-04-02,46,5
2004-04-05,40,17
2004-04-06,51,11
2004-04-07,21,10
2004-04-08,11,13
2004-04-09,4,97
2004-04-12,4,119
2004-04-13,6,113
2004-04-14,5,170
2004-04-15,2,133
2004-04-16,12,68
2004-04-19,14,64
2004-04-20,14,54
2004-04-21,6,44
2004-04-22,11,47
2004-04-23,6,46
2004-04-26,9,33
2004-04-27,10,22
2004-04-28,7,23
2004-04-29,1,45
2004-04-30,5,19
2004-05-10,1,27
2004-05-11,4,9
2004-05-12,16,1
2004-05-13,21,2
2004-05-14,13,9
2004-05-17,12,13
2004-05-18,18,7
2004-05-19,28,4
2004-05-20,24,11
2004-05-21,24,7
2004-05-24,20,16
2004-05-25,1,40
2004-05-26,6,17
2004-05-27,29,3
2004-05-28,36,1
2004-05-31,36,3
2004-06-01,95,2
2004-06-02,80,5
2004-06-03,16,44
2004-06-04,23,27
2004-06-07,5,72
2004-06-08,8,74
2004-06-09,0,94
2004-06-10,2,45
2004-06-11,7,12
2004-06-14,5,13
2004-06-15,9,4
2004-06-16,14,7
2004-06-17,3,7
2004-06-18,1,13
2004-06-21,14,5
2004-06-22,22,2
2004-06-23,22,5
2004-06-24,25,2
2004-06-25,5,35
2004-06-28,5,44
2004-06-29,9,6
2004-06-30,8,8
2004-07-01,19,1
2004-07-02,37,3
2004-07-05,41,2
2004-07-06,57,5
2004-07-07,27,10
2004-07-08,27,7
2004-07-09,13,19
2004-07-12,6,57
2004-07-13,13,29
2004-07-14,15,15
2004-07-15,42,4
2004-07-16,85,0
2004-07-19,91,1
2004-07-20,36,6
2004-07-21,48,10
2004-07-22,3,65
2004-07-23,9,38
2004-07-26,7,56
2004-07-27,6,49
2004-07-28,17,19
2004-07-29,37,6
2004-07-30,16,25
2004-08-02,12,43
2004-08-03,11,50
2004-08-04,50,3
2004-08-05,32,20
2004-08-06,40,28
2004-08-09,30,22
2004-08-10,42,13
2004-08-11,15,42
2004-08-12,7,74
2004-08-13,12,34
2004-08-16,9,41
2004-08-17,9,14
2004-08-18,22,8
2004-08-19,10,33
2004-08-20,9,21
2004-08-23,7,31
2004-08-24,26,10
2004-08-25,26,6
2004-08-26,23,13
2004-08-27,10,46
2004-08-30,15,23
2004-08-31,59,2
2004-09-01,14,19
2004-09-02,65,7
2004-09-03,79,13
2004-09-06,59,8
2004-09-07,47,11
2004-09-08,17,33
2004-09-09,4,117
2004-09-10,11,53
2004-09-13,7,87
2004-09-14,56,2
2004-09-15,317,0
2004-09-16,288,2
2004-09-17,231,0
2004-09-20,123,0
2004-09-21,11,2
2004-09-22,3,2
2004-09-23,4,2
2004-09-24,1,3
2004-09-27,0,7
2004-09-28,0,25
2004-09-29,0,51
2004-09-30,0,147
2004-10-08,8,61
2004-10-11,24,42
2004-10-12,17,115
2004-10-13,22,66
2004-10-14,2,229
2004-10-15,2,158
2004-10-18,12,61
2004-10-19,5,26
2004-10-20,15,32
2004-10-21,17,26
2004-10-22,23,21
2004-10-25,17,23
2004-10-26,27,10
2004-10-27,46,8
2004-10-28,31,4
2004-10-29,16,47
2004-11-01,7,52
2004-11-02,11,49
2004-11-03,31,5
2004-11-04,11,19
2004-11-05,15,18
2004-11-08,24,19
2004-11-09,22,17
2004-11-10,141,0
2004-11-11,104,1
2004-11-12,126,6
2004-11-15,152,3
2004-11-16,97,4
2004-11-17,27,42
2004-11-18,67,6
2004-11-19,107,7
2004-11-22,74,10
2004-11-23,36,11
2004-11-24,12,26
2004-11-25,10,55
2004-11-26,10,43
2004-11-29,2,151
2004-11-30,10,107
2004-12-01,16,110
2004-12-02,67,42
2004-12-03,100,21
2004-12-06,59,22
2004-12-07,12,83
2004-12-08,14,77
2004-12-09,46,36
2004-12-10,6,228
2004-12-13,5,181
2004-12-14,13,85
2004-12-15,16,47
2004-12-16,6,28
2004-12-17,5,29
2004-12-20,7,40
2004-12-21,6,25
2004-12-22,42,1
2004-12-23,12,11
2004-12-24,23,4
2004-12-27,21,7
2004-12-28,20,12
2004-12-29,23,17
2004-12-30,16,20
2004-12-31,19,22
2005-01-04,5,38
2005-01-05,26,16
2005-01-06,19,18
2005-01-07,26,10
2005-01-10,35,5
2005-01-11,52,6
2005-01-12,41,8
2005-01-13,70,6
2005-01-14,19,36
2005-01-17,11,91
2005-01-18,19,12
2005-01-19,37,12
2005-01-20,15,46
2005-01-21,48,15
2005-01-24,117,1
2005-01-25,83,6
2005-01-26,39,35
2005-01-27,16,101
2005-01-28,8,122
2005-01-31,2,130
2005-02-01,9,43
2005-02-02,75,0
2005-02-03,41,5
2005-02-04,68,3
2005-02-16,78,0
2005-02-17,55,2
2005-02-18,22,14
2005-02-21,65,3
2005-02-22,212,2
2005-02-23,244,0
2005-02-24,160,5
2005-02-25,62,2
2005-02-28,12,17
2005-03-01,18,15
2005-03-02,11,42
2005-03-03,7,50
2005-03-04,6,82
2005-03-07,13,69
2005-03-08,75,4
2005-03-09,65,21
2005-03-10,10,126
2005-03-11,18,133
2005-03-14,14,178
2005-03-15,6,141
2005-03-16,9,115
2005-03-17,4,95
2005-03-18,5,99
2005-03-21,12,60
2005-03-22,7,32
2005-03-23,6,23
2005-03-24,13,15
2005-03-25,6,12
2005-03-28,15,17
2005-03-29,10,15
2005-03-30,2,41
2005-03-31,11,12
2005-04-01,32,1
2005-04-04,20,5
2005-04-05,25,13
2005-04-06,35,6
2005-04-07,66,0
2005-04-08,97,2
2005-04-11,92,11
2005-04-12,23,52
2005-04-13,92,6
2005-04-14,29,47
2005-04-15,19,95
2005-04-18,15,92
2005-04-19,3,34
2005-04-20,11,52
2005-04-21,14,47
2005-04-22,14,41
2005-04-25,14,32
2005-04-26,16,13
2005-04-27,11,9
2005-04-28,40,7
2005-04-29,17,14
2005-05-09,9,33
2005-05-10,12,21
2005-05-11,12,26
2005-05-12,5,40
2005-05-13,17,22
2005-05-16,15,16
2005-05-17,19,9
2005-05-18,27,3
2005-05-19,23,7
2005-05-20,28,8
2005-05-23,12,44
2005-05-24,18,11
2005-05-25,14,16
2005-05-26,12,27
2005-05-27,17,48
2005-05-30,38,9
2005-05-31,36,16
2005-06-01,14,41
2005-06-02,24,35
2005-06-03,25,31
2005-06-06,48,12
2005-06-07,46,7
2005-06-08,400,0
2005-06-09,309,0
2005-06-10,70,2
2005-06-13,33,4
2005-06-14,16,27
2005-06-15,2,142
2005-06-16,18,145
2005-06-17,15,153
2005-06-20,103,9
2005-06-21,43,41
2005-06-22,50,31
2005-06-23,33,45
2005-06-24,34,35
2005-06-27,131,2
2005-06-28,29,54
2005-06-29,22,81
2005-06-30,5,197
2005-07-01,2,209
2005-07-04,2,104
2005-07-05,7,52
2005-07-06,1,33
2005-07-07,8,11
2005-07-08,0,32
2005-07-11,1,29
2005-07-12,47,3
2005-07-13,22,8
2005-07-14,16,6
2005-07-15,13,16
2005-07-18,8,20
2005-07-19,9,9
2005-07-20,14,8
2005-07-21,12,14
2005-07-22,40,9
2005-07-25,30,8
2005-07-26,64,1
2005-07-27,107,1
2005-07-28,94,3
2005-07-29,81,6
2005-08-01,85,1
2005-08-02,179,5
2005-08-03,217,0
2005-08-04,73,3
2005-08-05,90,3
2005-08-08,36,5
2005-08-09,13,14
2005-08-10,7,5
2005-08-11,8,1
2005-08-12,0,6
2005-08-15,4,4
2005-08-16,3,9
2005-08-17,2,11
2005-08-18,0,18
2005-08-19,0,20
2005-08-22,4,29
2005-08-23,1,37
2005-08-24,4,26
2005-08-25,9,15
2005-08-26,18,21
2005-08-29,14,32
2005-08-30,11,49
2005-08-31,29,8
2005-09-01,54,1
2005-09-02,35,2
2005-09-05,23,0
2005-09-06,5,10
2005-09-07,24,5
2005-09-08,21,2
2005-09-09,4,10
2005-09-12,3,12
2005-09-13,16,1
2005-09-14,14,0
2005-09-15,14,4
2005-09-16,8,1
2005-09-19,9,4
2005-09-20,11,6
2005-09-21,0,25
2005-09-22,1,108
2005-09-23,1,309
2005-09-26,5,194
2005-09-27,6,157
2005-09-28,8,91
2005-09-29,26,27
2005-09-30,18,27
2005-10-10,26,53
2005-10-11,52,8
2005-10-12,65,12
2005-10-13,45,12
2005-10-14,27,44
2005-10-17,31,27
2005-10-18,69,8
2005-10-19,53,12
2005-10-20,51,25
2005-10-21,61,25
2005-10-24,62,38
2005-10-25,13,102
2005-10-26,11,159
2005-10-27,14,82
2005-10-28,5,84
2005-10-31,7,39
2005-11-01,13,29
2005-11-02,14,5
2005-11-03,15,13
2005-11-04,17,16
2005-11-07,23,10
2005-11-08,42,10
2005-11-09,29,14
2005-11-10,9,55
2005-11-11,22,27
2005-11-14,21,21
2005-11-15,20,20
2005-11-16,39,16
2005-11-17,36,14
2005-11-18,92,1
2005-11-21,124,5
2005-11-22,23,80
2005-11-23,52,26
2005-11-24,70,16
2005-11-25,69,27
2005-11-28,49,26
2005-11-29,12,132
2005-11-30,18,77
2005-12-01,19,73
2005-12-02,10,81
2005-12-05,9,96
2005-12-06,6,42
2005-12-07,11,9
2005-12-08,30,10
2005-12-09,53,3
2005-12-12,56,4
2005-12-13,54,10
2005-12-14,73,4
2005-12-15,55,8
2005-12-16,87,3
2005-12-19,98,11
2005-12-20,55,13
2005-12-21,31,70
2005-12-22,36,39
2005-12-23,94,6
2005-12-26,129,2
2005-12-27,75,16
2005-12-28,76,7
2005-12-29,57,6
2005-12-30,15,50
2006-01-04,41,15
2006-01-05,51,2
2006-01-06,54,4
2006-01-09,45,3
2006-01-10,33,2
2006-01-11,10,9
2006-01-12,12,5
2006-01-13,15,9
2006-01-16,2,31
2006-01-17,2,23
2006-01-18,14,8
2006-01-19,17,16
2006-01-20,9,23
2006-01-23,8,40
2006-01-24,8,54
2006-01-25,11,69
2006-02-06,21,20
2006-02-07,38,15
2006-02-08,38,9
2006-02-09,24,15
2006-02-10,25,16
2006-02-13,16,25
2006-02-14,31,13
2006-02-15,15,12
2006-02-16,8,103
2006-02-17,5,141
2006-02-20,9,148
2006-02-21,26,45
2006-02-22,21,34
2006-02-23,39,27
2006-02-24,63,14
2006-02-27,41,33
2006-02-28,33,30
2006-03-01,66,12
2006-03-02,12,100
2006-03-03,22,92
2006-03-06,21,55
2006-03-07,9,140
2006-03-08,7,98
2006-03-09,6,56
2006-03-10,8,21
2006-03-13,17,15
2006-03-14,21,10
2006-03-15,29,4
2006-03-16,47,10
2006-03-17,35,18
2006-03-20,80,17
2006-03-21,66,7
2006-03-22,98,10
2006-03-23,122,7
2006-03-24,51,26
2006-03-27,61,22
2006-03-28,60,17
2006-03-29,67,14
2006-03-30,21,75
2006-03-31,15,58
2006-04-03,41,21
2006-04-04,94,8
2006-04-05,62,8
2006-04-06,37,22
2006-04-07,37,14
2006-04-10,56,4
2006-04-11,37,3
2006-04-12,16,7
2006-04-13,11,26
2006-04-14,7,15
2006-04-17,13,18
2006-04-18,10,32
2006-04-19,7,49
2006-04-20,9,105
2006-04-21,11,81
2006-04-24,10,124
2006-04-25,12,76
2006-04-26,31,24
2006-04-27,22,17
2006-04-28,36,24
2006-05-08,64,4
2006-05-09,102,0
2006-05-10,100,1
2006-05-11,48,5
2006-05-12,60,6
2006-05-15,80,0
2006-05-16,21,14
2006-05-17,38,6
2006-05-18,27,8
2006-05-19,21,3
2006-05-22,41,0
2006-05-23,6,12
2006-05-24,6,37
2006-05-25,1,26
2006-05-26,7,19
2006-05-29,21,0
2006-05-30,25,1
2006-05-31,5,10
2006-06-01,22,3
2006-06-02,12,13
2006-06-05,11,5
2006-06-06,6,8
2006-06-07,0,53
2006-06-08,2,102
2006-06-09,1,154
2006-06-12,2,112
2006-06-13,10,79
2006-06-14,8,66
2006-06-15,19,38
2006-06-16,45,4
2006-06-19,57,8
2006-06-20,79,8
2006-06-21,25,14
2006-06-22,34,28
2006-06-23,54,13
2006-06-26,106,3
2006-06-27,62,3
2006-06-28,53,10
2006-06-29,81,1
2006-06-30,28,6
2006-07-03,47,2
2006-07-04,12,11
2006-07-05,5,30
2006-07-06,17,6
2006-07-07,8,12
2006-07-10,15,14
2006-07-11,13,15
2006-07-12,8,19
2006-07-13,1,200
2006-07-14,1,198
2006-07-17,13,84
2006-07-18,29,45
2006-07-19,5,100
2006-07-20,31,48
2006-07-21,52,20
2006-07-24,39,31
2006-07-25,60,7
2006-07-26,55,10
2006-07-27,31,37
2006-07-28,23,65
2006-07-31,7,179
2006-08-01,8,122
2006-08-02,5,72
2006-08-03,3,40
2006-08-04,4,55
2006-08-07,4,61
2006-08-08,10,17
2006-08-09,17,12
2006-08-10,17,6
2006-08-11,31,5
2006-08-14,13,24
2006-08-15,36,4
2006-08-16,47,4
2006-08-17,30,10
2006-08-18,24,12
2006-08-21,41,16
2006-08-22,60,11
2006-08-23,26,19
2006-08-24,64,10
2006-08-25,61,14
2006-08-28,163,4
2006-08-29,142,3
2006-08-30,131,6
2006-08-31,104,8
2006-09-01,20,75
2006-09-04,48,12
2006-09-05,46,20
2006-09-06,46,6
2006-09-07,11,57
2006-09-08,11,55
2006-09-11,24,60
2006-09-12,30,22
2006-09-13,15,77
2006-09-14,27,80
2006-09-15,54,24
2006-09-18,102,6
2006-09-19,72,4
2006-09-20,39,10
2006-09-21,37,19
2006-09-22,13,64
2006-09-25,12,81
2006-09-26,14,94
2006-09-27,31,36
2006-09-28,38,14
2006-09-29,66,8
2006-10-09,106,6
2006-10-10,78,20
2006-10-11,42,13
2006-10-12,18,32
2006-10-13,22,31
2006-10-16,7,34
2006-10-17,13,42
2006-10-18,21,9
2006-10-19,22,16
2006-10-20,20,53
2006-10-23,7,216
2006-10-24,19,76
2006-10-25,29,91
2006-10-26,17,88
2006-10-27,7,111
2006-10-30,28,73
2006-10-31,39,24
2006-11-01,42,32
2006-11-02,43,33
2006-11-03,45,19
2006-11-06,29,29
2006-11-07,16,60
2006-11-08,9,59
2006-11-09,20,20
2006-11-10,9,52
2006-11-13,9,120
2006-11-14,13,33
2006-11-15,26,17
2006-11-16,15,23
2006-11-17,35,10
2006-11-20,34,10
2006-11-21,27,15
2006-11-22,47,8
2006-11-23,48,1
2006-11-24,80,6
2006-11-27,116,3
2006-11-28,117,2
2006-11-29,110,3
2006-11-30,157,1
2006-12-01,72,8
2006-12-04,72,3
2006-12-05,62,1
2006-12-06,16,18
2006-12-07,9,33
2006-12-08,7,199
2006-12-11,14,56
2006-12-12,21,68
2006-12-13,36,30
2006-12-14,51,20
2006-12-15,73,8
2006-12-18,95,7
2006-12-19,64,12
2006-12-20,61,3
2006-12-21,31,11
2006-12-22,18,17
2006-12-25,20,17
2006-12-26,5,69
2006-12-27,6,73
2006-12-28,5,159
2006-12-29,11,77
2007-01-04,15,70
2007-01-05,87,5
2007-01-08,161,4
2007-01-09,128,1
2007-01-10,79,0
2007-01-11,23,0
2007-01-12,6,4
2007-01-15,8,1
2007-01-16,9,1
2007-01-17,3,3
2007-01-18,3,4
2007-01-19,2,5
2007-01-22,6,2
2007-01-23,2,1
2007-01-24,0,1
2007-01-25,1,0
2007-01-26,1,3
2007-01-29,1,2
2007-01-30,0,5
2007-01-31,1,20
2007-02-01,2,31
2007-02-02,1,76
2007-02-05,4,83
2007-02-06,30,23
2007-02-07,25,8
2007-02-08,44,9
2007-02-09,25,8
2007-02-12,43,0
2007-02-13,35,0
2007-02-14,34,0
2007-02-15,29,0
2007-02-16,7,0
2007-02-26,3,2
2007-02-27,1,23
2007-02-28,5,26
2007-03-01,2,49
2007-03-02,3,34
2007-03-05,5,39
2007-03-06,8,19
2007-03-07,30,2
2007-03-08,44,1
2007-03-09,20,6
2007-03-12,13,12
2007-03-13,17,3
2007-03-14,8,22
2007-03-15,15,4
2007-03-16,7,15
2007-03-19,11,13
2007-03-20,10,6
2007-03-21,14,5
2007-03-22,14,3
2007-03-23,17,8
2007-03-26,19,3
2007-03-27,9,2
2007-03-28,3,2
2007-03-29,5,12
2007-03-30,3,19
2007-04-02,6,5
2007-04-03,7,4
2007-04-04,14,2
2007-04-05,18,4
2007-04-06,5,3
2007-04-09,10,2
2007-04-10,3,2
2007-04-11,5,3
2007-04-12,4,4
2007-04-13,6,2
2007-04-16,6,0
2007-04-17,3,1
2007-04-18,1,0
2007-04-19,0,7
2007-04-20,0,1
2007-04-23,2,6
2007-04-25,1,3
2007-04-26,1,4
2007-04-27,0,4
2007-04-30,3,12
2007-05-08,6,2
2007-05-09,5,4
2007-05-10,2,7
2007-05-11,6,5
2007-05-14,5,5
2007-05-15,3,26
2007-05-16,7,12
2007-05-17,15,3
2007-05-18,5,7
2007-05-21,10,1
2007-05-22,12,0
2007-05-23,18,0
2007-05-24,3,2
2007-05-25,4,0
2007-05-28,3,0
2007-05-29,4,1
2007-05-30,0,11
2007-05-31,0,137
2007-06-01,1,402
2007-06-04,0,293
2007-06-05,3,114
2007-06-06,9,62
2007-06-07,33,15
2007-06-08,38,3
2007-06-11,53,3
2007-06-12,87,8
2007-06-13,99,0
2007-06-14,44,2
2007-06-15,41,6
2007-06-18,71,2
2007-06-19,86,2
2007-06-20,32,13
2007-06-21,32,30
2007-06-22,9,129
2007-06-25,4,198
2007-06-26,2,96
2007-06-27,17,25
2007-06-28,5,82
2007-06-29,4,89
2007-07-02,4,46
2007-07-03,15,26
2007-07-04,11,22
2007-07-05,6,62
2007-07-06,10,5
2007-07-09,34,3
2007-07-10,20,10
2007-07-11,22,9
2007-07-12,16,5
2007-07-13,26,5
2007-07-16,15,22
2007-07-17,17,7
2007-07-18,25,7
2007-07-19,29,13
2007-07-20,101,2
2007-07-23,232,1
2007-07-24,242,0
2007-07-25,248,1
2007-07-26,149,2
2007-07-27,56,1
2007-07-30,19,0
2007-07-31,8,0
2007-08-01,3,3
2007-08-02,1,4
2007-08-03,0,6
2007-08-06,7,5
2007-08-07,5,7
2007-08-08,4,19
2007-08-09,7,15
2007-08-10,5,47
2007-08-13,4,81
2007-08-14,25,10
2007-08-15,16,48
2007-08-16,30,23
2007-08-17,10,44
2007-08-20,61,0
2007-08-21,53,5
2007-08-22,39,0
2007-08-23,23,3
2007-08-24,17,5
2007-08-27,4,22
2007-08-28,5,40
2007-08-29,3,53
2007-08-30,30,12
2007-08-31,35,3
2007-09-03,28,2
2007-09-04,18,10
2007-09-05,11,11
2007-09-06,8,7
2007-09-07,6,38
2007-09-10,7,37
2007-09-11,1,195
2007-09-12,5,143
2007-09-13,12,83
2007-09-14,36,38
2007-09-17,72,10
2007-09-18,55,11
2007-09-19,32,49
2007-09-20,30,13
2007-09-21,29,62
2007-09-24,34,52
2007-09-25,13,48
2007-09-26,10,88
2007-09-27,17,47
2007-09-28,48,8
2007-10-08,51,25
2007-10-09,77,30
2007-10-10,41,39
2007-10-11,21,132
2007-10-12,21,166
2007-10-15,24,86
2007-10-16,32,21
2007-10-17,35,29
2007-10-18,17,72
2007-10-19,22,43
2007-10-22,12,72
2007-10-23,14,44
2007-10-24,10,50
2007-10-25,0,96
2007-10-26,7,56
2007-10-29,7,20
2007-10-30,17,6
2007-10-31,30,1
2007-11-01,26,14
2007-11-02,21,17
2007-11-05,21,22
2007-11-06,24,19
2007-11-07,24,16
2007-11-08,8,31
2007-11-09,10,51
2007-11-12,14,31
2007-11-13,8,24
2007-11-14,51,5
2007-11-15,18,9
2007-11-16,35,13
2007-11-19,73,7
2007-11-20,102,4
2007-11-21,61,26
2007-11-22,15,124
2007-11-23,27,20
2007-11-26,30,39
2007-11-27,26,43
2007-11-28,27,26
2007-11-29,67,8
2007-11-30,37,24
2007-12-03,69,15
2007-12-04,56,18
2007-12-05,109,2
2007-12-06,103,4
2007-12-07,173,1
2007-12-10,210,0
2007-12-11,126,3
2007-12-12,46,6
2007-12-13,8,34
2007-12-14,14,13
2007-12-17,10,39
2007-12-18,2,24
2007-12-19,9,3
2007-12-20,30,2
2007-12-21,31,0
2007-12-24,45,0
2007-12-25,27,2
2007-12-26,19,0
2007-12-27,24,0
2007-12-28,11,1
2008-01-02,8,1
2008-01-03,6,3
2008-01-04,7,0
2008-01-07,6,1
2008-01-08,3,0
2008-01-09,1,0
2008-01-11,3,3
2008-01-14,1,1
2008-01-15,1,3
2008-01-16,1,7
2008-01-17,1,42
2008-01-18,1,59
2008-01-21,1,200
2008-01-22,0,445
2008-01-23,8,144
2008-01-24,42,35
2008-01-25,28,41
2008-01-28,9,120
2008-01-29,14,42
2008-01-30,10,39
2008-01-31,2,68
2008-02-01,4,91
2008-02-04,34,3
2008-02-05,44,10
2008-02-13,41,18
2008-02-14,59,7
2008-02-15,55,8
2008-02-18,134,1
2008-02-19,214,0
2008-02-20,98,7
2008-02-21,108,11
2008-02-22,58,76
2008-02-25,7,189
2008-02-26,18,96
2008-02-27,50,25
2008-02-28,60,21
2008-02-29,88,9
2008-03-03,160,4
2008-03-04,81,15
2008-03-05,63,28
2008-03-06,54,12
2008-03-07,21,31
2008-03-10,9,133
2008-03-11,11,106
2008-03-12,6,155
2008-03-13,4,252
2008-03-14,3,118
2008-03-17,0,135
2008-03-18,0,84
2008-03-19,3,10
2008-03-20,10,3
2008-03-21,16,1
2008-03-24,11,1
2008-03-25,18,5
2008-03-26,26,2
2008-03-27,5,25
2008-03-28,17,6
2008-03-31,7,28
2008-04-01,0,42
2008-04-02,3,19
2008-04-03,2,6
2008-04-07,5,0
2008-04-08,21,1
2008-04-09,8,10
2008-04-10,10,2
2008-04-11,21,3
2008-04-14,5,18
2008-04-15,9,4
2008-04-16,8,6
2008-04-17,5,11
2008-04-18,2,24
2008-04-21,3,10
2008-04-22,9,8
2008-04-23,17,1
2008-04-24,90,0
2008-04-25,80,1
2008-04-28,77,3
2008-04-29,96,2
2008-04-30,169,0
2008-05-05,224,0
2008-05-06,147,2
2008-05-07,28,60
2008-05-08,73,19
2008-05-09,66,36
2008-05-12,66,20
2008-05-13,77,47
2008-05-14,77,4
2008-05-15,46,4
2008-05-16,21,20
2008-05-19,20,35
2008-05-20,1,300
2008-05-21,11,134
2008-05-22,20,129
2008-05-23,24,106
2008-05-26,20,169
2008-05-27,16,62
2008-05-28,42,23
2008-05-29,12,63
2008-05-30,43,37
2008-06-02,32,26
2008-06-03,29,31
2008-06-04,16,60
2008-06-05,28,50
2008-06-06,25,50
2008-06-10,5,117
2008-06-11,4,55
2008-06-12,4,21
2008-06-13,2,9
2008-06-16,7,11
2008-06-17,1,9
2008-06-18,5,5
2008-06-19,2,8
2008-06-20,3,17
2008-06-23,1,10
2008-06-24,3,4
2008-06-25,14,2
2008-06-26,11,1
2008-06-27,3,5
2008-06-30,10,4
2008-07-01,9,6
2008-07-02,6,5
2008-07-03,41,3
2008-07-04,33,3
2008-07-07,100,0
2008-07-08,131,2
2008-07-09,292,2
2008-07-10,186,1
2008-07-11,77,22
2008-07-14,128,5
2008-07-15,24,102
2008-07-16,6,331
2008-07-17,13,205
2008-07-18,31,35
2008-07-21,175,0
2008-07-22,179,0
2008-07-23,112,15
2008-07-24,196,2
2008-07-25,91,14
2008-07-28,90,3
2008-07-29,22,66
2008-07-30,22,73
2008-07-31,3,261
2008-08-01,14,127
2008-08-04,13,195
2008-08-05,8,202
2008-08-06,20,74
2008-08-07,21,46
2008-08-08,3,117
2008-08-11,1,106
2008-08-12,2,46
2008-08-13,2,13
2008-08-14,4,9
2008-08-15,3,1
2008-08-18,0,2
2008-08-19,1,2
2008-08-20,15,0
2008-08-21,13,6
2008-08-22,12,10
2008-08-25,6,6
2008-08-26,7,12
2008-08-27,7,13
2008-08-28,2,7
2008-08-29,16,1
2008-09-01,4,6
2008-09-02,9,10
2008-09-03,7,13
2008-09-04,8,11
2008-09-05,2,16
2008-09-08,5,10
2008-09-09,9,1
2008-09-10,14,1
2008-09-11,9,4
2008-09-12,3,8
2008-09-16,5,19
2008-09-17,4,12
2008-09-18,8,9
2008-09-19,32,0
2008-09-22,82,0
2008-09-23,33,18
2008-09-24,54,3
2008-09-25,87,0
2008-09-26,91,4
2008-10-06,22,70
2008-10-07,27,54
2008-10-08,18,55
2008-10-09,9,57
2008-10-10,2,96
2008-10-13,11,18
2008-10-14,6,21
2008-10-15,6,18
2008-10-16,8,28
2008-10-17,6,9
2008-10-20,12,6
2008-10-21,10,2
2008-10-22,7,15
2008-10-23,11,8
2008-10-24,16,15
2008-10-27,5,25
2008-10-28,5,10
2008-10-29,6,9
2008-10-30,6,5
2008-10-31,6,12
2008-11-03,10,7
2008-11-04,9,9
2008-11-05,22,1
2008-11-06,12,1
2008-11-07,20,4
2008-11-10,73,2
2008-11-11,110,0
2008-11-12,192,0
2008-11-13,340,0
2008-11-14,367,0
2008-11-17,180,0
2008-11-18,18,17
2008-11-19,41,0
2008-11-20,21,6
2008-11-21,3,8
2008-11-24,5,34
2008-11-25,5,51
2008-11-26,5,41
2008-11-27,6,18
2008-11-28,6,99
2008-12-01,54,6
2008-12-02,64,0
2008-12-03,88,0
2008-12-04,32,0
2008-12-05,18,0
2008-12-08,20,0
2008-12-09,4,0
2008-12-10,4,0
2008-12-11,2,1
2008-12-12,4,7
2008-12-15,1,16
2008-12-16,1,12
2008-12-17,1,7
2008-12-18,7,0
2008-12-19,11,0
2008-12-22,0,10
2008-12-23,0,96
2008-12-24,1,338
2008-12-25,5,231
2008-12-26,6,143
2008-12-29,10,120
2008-12-30,21,82
2008-12-31,7,88
2009-01-05,59,7
2009-01-06,157,1
2009-01-07,157,2
2009-01-08,55,54
2009-01-09,120,13
2009-01-12,154,3
2009-01-13,43,64
2009-01-14,129,3
2009-01-15,127,5
2009-01-16,95,6
2009-01-19,56,9
2009-01-20,25,11
2009-01-21,15,19
2009-01-22,20,9
2009-01-23,10,16
2009-02-02,25,4
2009-02-03,29,0
2009-02-04,24,1
2009-02-05,5,2
2009-02-06,9,0
2009-02-09,10,0
2009-02-10,2,1
2009-02-17,1,0
2009-02-18,0,1
2009-02-19,0,4
2009-02-20,0,4
2009-02-23,4,0
2009-02-24,0,20
2009-02-25,1,37
2009-02-26,0,155
2009-02-27,0,422
2009-03-02,2,285
2009-03-03,20,140
2009-03-04,100,3
2009-03-05,155,2
2009-03-06,99,13
2009-03-09,29,158
2009-03-10,52,41
2009-03-11,46,34
2009-03-12,50,47
2009-03-13,30,75
2009-03-16,77,36
2009-03-17,233,1
2009-03-18,233,0
2009-03-19,201,1
2009-03-20,55,1
2009-03-23,48,2
2009-03-24,29,1
2009-03-25,2,20
2009-03-26,3,7
2009-03-27,7,12
2009-03-30,9,6
2009-03-31,6,9
2009-04-01,15,2
2009-04-02,7,1
2009-04-03,4,7
2009-04-07,8,9
2009-04-08,0,43
2009-04-09,4,56
2009-04-10,35,3
2009-04-13,25,4
2009-04-14,22,0
2009-04-15,18,2
2009-04-16,20,0
2009-04-17,3,7
2009-04-20,10,5
2009-04-21,9,5
2009-04-22,0,64
2009-04-23,1,115
2009-04-24,3,148
2009-04-27,3,307
2009-04-28,30,163
2009-04-29,64,30
2009-04-30,70,12
2009-05-04,170,0
2009-05-05,144,3
2009-05-06,129,2
2009-05-07,43,5
2009-05-08,38,15
2009-05-11,4,104
2009-05-12,17,43
2009-05-13,39,32
2009-05-14,25,30
2009-05-15,40,21
2009-05-18,46,13
2009-05-19,57,8
2009-05-20,33,29
2009-05-21,13,122
2009-05-22,4,105
2009-05-25,24,102
2009-05-26,46,76
2009-05-27,26,58
2009-06-01,66,10
2009-06-02,93,6
2009-06-03,94,7
2009-06-04,54,44
2009-06-05,31,67
2009-06-08,36,64
2009-06-09,30,49
2009-06-10,66,18
2009-06-11,51,32
2009-06-12,15,164
2009-06-15,34,58
2009-06-16,28,74
2009-06-17,46,27
2009-06-18,95,13
2009-06-19,86,22
2009-06-22,47,38
2009-06-23,30,74
2009-06-24,54,26
2009-06-25,39,51
2009-06-26,48,35
2009-06-29,50,38
2009-06-30,32,68
2009-07-01,33,58
2009-07-02,62,22
2009-07-03,60,33
2009-07-06,58,29
2009-07-07,59,14
2009-07-08,68,7
2009-07-09,132,0
2009-07-10,72,1
2009-07-13,38,0
2009-07-14,10,1
2009-07-15,4,0
2009-07-16,1,3
2009-07-17,7,2
2009-07-20,4,0
2009-07-21,0,6
2009-07-22,3,6
2009-07-23,1,8
2009-07-24,1,26
2009-07-27,4,9
2009-07-28,26,3
2009-07-29,1,159
2009-07-30,6,256
2009-07-31,29,43
2009-08-03,106,16
2009-08-04,88,17
2009-08-05,74,16
2009-08-06,40,30
2009-08-07,2,130
2009-08-10,23,95
2009-08-11,21,61
2009-08-12,6,302
2009-08-13,9,214
2009-08-14,6,242
2009-08-17,2,172
2009-08-18,3,51
2009-08-19,6,39
2009-08-20,7,7
2009-08-21,35,1
2009-08-24,52,0
2009-08-25,45,5
2009-08-26,52,1
2009-08-27,88,1
2009-08-28,38,26
2009-08-31,4,107
2009-09-01,11,92
2009-09-02,10,35
2009-09-03,52,1
2009-09-04,70,0
2009-09-07,112,0
2009-09-08,134,3
2009-09-09,128,0
2009-09-10,78,16
2009-09-11,132,3
2009-09-14,286,0
2009-09-15,211,0
2009-09-16,74,6
2009-09-17,83,1
2009-09-18,7,37
2009-09-21,9,49
2009-09-22,7,133
2009-09-23,1,259
2009-09-24,4,250
2009-09-25,12,171
2009-09-28,4,218
2009-09-29,13,137
2009-09-30,13,49
2009-10-09,48,3
2009-10-12,72,3
2009-10-13,154,1
2009-10-14,176,1
2009-10-15,210,4
2009-10-16,140,5
2009-10-19,233,2
2009-10-20,139,1
2009-10-21,52,2
2009-10-22,15,5
2009-10-23,25,6
2009-10-26,14,7
2009-10-27,3,74
2009-10-28,5,84
2009-10-29,4,182
2009-10-30,14,98
2009-11-02,84,8
2009-11-03,160,1
2009-11-04,122,1
2009-11-05,49,0
2009-11-06,34,0
2009-11-09,22,1
2009-11-10,4,4
2009-11-11,2,3
2009-11-12,3,1
2009-11-13,4,6
2009-11-16,9,0
2009-11-17,3,1
2009-11-18,2,0
2009-11-24,0,6
2009-11-25,1,14
2009-11-26,0,119
2009-11-27,1,262
2009-11-30,27,69
2009-12-01,93,7
2009-12-02,103,3
2009-12-03,62,4
2009-12-04,24,40
2009-12-07,34,12
2009-12-08,19,18
2009-12-09,10,67
2009-12-10,15,38
2009-12-11,18,42
2009-12-14,17,84
2009-12-15,15,68
2009-12-16,21,81
2009-12-17,6,254
2009-12-18,3,332
2009-12-21,8,121
2009-12-22,5,115
2009-12-23,22,40
2009-12-24,83,0
2009-12-25,93,3
2009-12-28,109,2
2009-12-29,143,2
2009-12-30,112,7
2009-12-31,100,10
2010-01-04,90,9
2010-01-05,118,16
2010-01-06,71,16
2010-01-07,25,134
2010-01-08,26,90
2010-01-11,49,62
2010-01-12,104,12
2010-01-13,50,45
2010-01-14,103,13
2010-01-15,97,7
2010-01-18,93,3
2010-01-19,44,3
2010-01-20,10,80
2010-01-21,15,83
2010-01-22,7,208
2010-01-25,4,252
2010-01-26,2,291
2010-01-27,3,145
2010-01-28,15,47
2010-01-29,28,17
2010-02-01,33,27
2010-02-02,25,30
2010-02-03,47,23
2010-02-04,58,11
2010-02-05,24,31
2010-02-08,35,40
2010-02-09,28,23
2010-02-10,43,14
2010-02-11,37,23
2010-02-12,61,8
2010-02-22,76,9
2010-02-23,127,13
2010-02-24,217,3
2010-02-25,223,2
2010-02-26,151,1
2010-03-01,162,0
2010-03-02,60,6
2010-03-03,41,2
2010-03-04,2,57
2010-03-05,3,84
2010-03-08,20,49
2010-03-09,37,49
2010-03-10,14,84
2010-03-11,14,131
2010-03-12,8,201
2010-03-15,5,234
2010-03-16,21,81
2010-03-17,109,4
2010-03-18,145,6
2010-03-19,146,2
2010-03-22,148,11
2010-03-23,47,39
2010-03-24,60,26
2010-03-25,22,155
2010-03-26,53,45
2010-03-29,101,16
2010-03-30,81,11
2010-03-31,59,27
2010-04-01,80,2
2010-04-02,67,9
2010-04-06,46,8
2010-04-07,31,12
2010-04-08,16,36
2010-04-09,23,20
2010-04-12,23,67
2010-04-13,13,70
2010-04-14,20,26
2010-04-15,17,74
2010-04-16,10,89
2010-04-19,1,293
2010-04-20,8,149
2010-04-21,43,17
2010-04-22,72,22
2010-04-23,38,43
2010-04-26,38,47
2010-04-27,9,99
2010-04-28,17,86
2010-04-29,3,123
2010-04-30,4,180
2010-05-04,3,99
2010-05-05,30,8
2010-05-06,17,27
2010-05-07,17,45
2010-05-10,2,60
2010-05-11,1,68
2010-05-12,0,70
2010-05-13,6,11
2010-05-14,19,2
2010-05-17,3,23
2010-05-18,6,5
2010-05-19,13,5
2010-05-20,4,5
2010-05-21,19,4
2010-05-24,58,0
2010-05-25,49,0
2010-05-26,50,4
2010-05-27,49,1
2010-05-28,64,0
2010-05-31,31,39
2010-06-01,13,58
2010-06-02,31,12
2010-06-03,24,20
2010-06-04,47,13
2010-06-07,47,22
2010-06-08,69,9
2010-06-09,118,4
2010-06-10,102,6
2010-06-11,64,11
2010-06-17,58,45
2010-06-18,18,215
2010-06-21,69,58
2010-06-22,85,28
2010-06-23,78,41
2010-06-24,62,19
2010-06-25,23,85
2010-06-28,18,122
2010-06-29,6,262
2010-06-30,5,114
2010-07-01,4,46
2010-07-02,11,18
2010-07-05,15,11
2010-07-06,23,0
2010-07-07,34,1
2010-07-08,25,4
2010-07-09,58,1
2010-07-12,104,2
2010-07-13,67,14
2010-07-14,94,3
2010-07-15,27,51
2010-07-16,52,29
2010-07-19,112,2
2010-07-20,250,0
2010-07-21,248,0
2010-07-22,255,0
2010-07-23,142,4
2010-07-26,97,0
2010-07-27,35,0
2010-07-28,24,0
2010-07-29,7,0
2010-07-30,4,4
2010-08-02,4,0
2010-08-03,3,2
2010-08-04,0,3
2010-08-05,2,3
2010-08-06,4,2
2010-08-09,5,1
2010-08-10,0,15
2010-08-11,0,28
2010-08-12,2,75
2010-08-13,8,19
2010-08-16,46,1
2010-08-17,39,1
2010-08-18,14,3
2010-08-19,11,8
2010-08-20,3,48
2010-08-23,5,59
2010-08-24,7,32
2010-08-25,2,144
2010-08-26,8,96
2010-08-27,22,63
2010-08-30,90,4
2010-08-31,58,16
2010-09-01,18,59
2010-09-02,43,18
2010-09-03,36,12
2010-09-06,52,13
2010-09-07,50,10
2010-09-08,37,7
2010-09-09,12,70
2010-09-10,22,57
2010-09-13,28,13
2010-09-14,32,18
2010-09-15,21,78
2010-09-16,11,166
2010-09-17,7,185
2010-09-20,8,196
2010-09-21,9,150
2010-09-27,50,16
2010-09-28,54,44
2010-09-29,26,75
2010-09-30,43,23
2010-10-08,151,3
2010-10-11,190,20
2010-10-12,169,31
2010-10-13,131,46
2010-10-14,18,172
2010-10-15,21,160
2010-10-18,29,143
2010-10-19,51,24
2010-10-20,69,41
2010-10-21,76,26
2010-10-22,99,12
2010-10-25,149,2
2010-10-26,130,3
2010-10-27,69,16
2010-10-28,45,26
2010-10-29,53,21
2010-11-01,68,10
2010-11-02,57,13
2010-11-03,28,41
2010-11-04,35,16
2010-11-05,53,3
2010-11-08,71,1
2010-11-09,31,2
2010-11-10,13,7
2010-11-11,2,10
2010-11-12,1,228
2010-11-15,2,283
2010-11-16,7,298
2010-11-17,3,279
2010-11-18,8,111
2010-11-19,61,23
2010-11-22,88,9
2010-11-23,49,36
2010-11-24,100,9
2010-11-25,70,2
2010-11-26,74,7
2010-11-29,67,21
2010-11-30,33,86
2010-12-01,21,90
2010-12-02,41,65
2010-12-03,47,62
2010-12-06,20,136
2010-12-07,31,58
2010-12-08,41,63
2010-12-09,20,137
2010-12-10,43,50
2010-12-13,132,4
2010-12-14,179,1
2010-12-15,124,1
2010-12-16,77,20
2010-12-17,90,24
2010-12-20,34,112
2010-12-21,76,31
2010-12-22,48,73
2010-12-23,14,163
2010-12-24,14,213
2010-12-27,5,248
2010-12-28,4,168
2010-12-29,14,49
2010-12-30,16,23
2010-12-31,64,9
2011-01-04,111,4
2011-01-05,116,9
2011-01-06,59,19
2011-01-07,59,36
2011-01-10,18,97
2011-01-11,28,84
2011-01-12,51,47
2011-01-13,28,39
2011-01-14,28,76
2011-01-17,6,128
2011-01-18,13,66
2011-01-19,30,12
2011-01-20,12,50
2011-01-21,33,10
2011-01-24,17,22
2011-01-25,10,51
2011-01-26,20,21
2011-01-27,35,12
2011-01-28,44,4
2011-01-31,72,2
2011-02-01,78,2
2011-02-09,74,14
2011-02-10,161,1
2011-02-11,256,0
2011-02-14,366,2
2011-02-15,229,1
2011-02-16,213,0
2011-02-17,84,8
2011-02-18,14,20
2011-02-21,21,5
2011-02-22,3,61
2011-02-23,13,75
2011-02-24,29,36
2011-02-25,33,30
2011-02-28,43,15
2011-03-01,46,10
2011-03-02,21,32
2011-03-03,15,87
2011-03-04,22,47
2011-03-07,32,15
2011-03-08,25,21
2011-03-09,35,13
2011-03-10,22,29
2011-03-11,28,61
2011-03-14,45,57
2011-03-15,15,176
2011-03-16,37,66
2011-03-17,13,166
2011-03-18,24,84
2011-03-21,26,105
2011-03-22,41,85
2011-03-23,73,29
2011-03-24,58,37
2011-03-25,96,27
2011-03-28,75,59
2011-03-29,30,144
2011-03-30,25,154
2011-03-31,6,175
2011-04-01,26,60
2011-04-06,46,41
2011-04-07,58,28
2011-04-08,94,13
2011-04-11,45,35
2011-04-12,53,36
2011-04-13,82,14
2011-04-14,52,34
2011-04-15,51,46
2011-04-18,48,47
2011-04-19,42,96
2011-04-20,72,41
2011-04-21,69,24
2011-04-22,49,47
2011-04-25,22,163
2011-04-26,13,214
2011-04-27,9,168
2011-04-28,4,174
2011-04-29,14,64
2011-05-03,46,20
2011-05-04,11,42
2011-05-05,30,16
2011-05-06,27,11
2011-05-09,43,13
2011-05-10,63,3
2011-05-11,56,9
2011-05-12,45,34
2011-05-13,46,18
2011-05-16,57,22
2011-05-17,45,45
2011-05-18,70,26
2011-05-19,41,39
2011-05-20,43,64
2011-05-23,15,199
2011-05-24,23,99
2011-05-25,16,70
2011-05-26,17,40
2011-05-27,6,65
2011-05-30,2,71
2011-05-31,16,22
2011-06-01,26,5
2011-06-02,17,12
2011-06-03,36,5
2011-06-07,44,7
2011-06-08,71,2
2011-06-09,24,33
2011-06-10,43,30
2011-06-13,38,22
2011-06-14,67,3
2011-06-15,47,20
2011-06-16,23,90
2011-06-17,10,72
2011-06-20,19,53
2011-06-21,39,18
2011-06-22,36,18
2011-06-23,76,5
2011-06-24,144,0
2011-06-27,247,0
2011-06-28,246,2
2011-06-29,74,29
2011-06-30,150,2
2011-07-01,135,4
2011-07-04,317,1
2011-07-05,166,1
2011-07-06,75,5
2011-07-07,30,5
2011-07-08,21,10
2011-07-11,9,12
2011-07-12,5,84
2011-07-13,21,36
2011-07-14,29,14
2011-07-15,42,18
2011-07-18,28,15
2011-07-19,6,40
2011-07-20,9,41
2011-07-21,8,130
2011-07-22,7,126
2011-07-25,0,531
2011-07-26,9,232
2011-07-27,33,48
2011-07-28,36,58
2011-07-29,24,74
2011-08-01,27,45
2011-08-02,46,58
2011-08-03,65,51
2011-08-04,59,27
2011-08-05,29,111
2011-08-08,6,268
2011-08-09,6,102
2011-08-10,32,16
2011-08-11,59,3
2011-08-12,74,2
2011-08-15,88,3
2011-08-16,80,11
2011-08-17,61,17
2011-08-18,24,56
2011-08-19,15,83
2011-08-22,31,87
2011-08-23,68,24
2011-08-24,69,21
2011-08-25,115,7
2011-08-26,152,6
2011-08-29,106,46
2011-08-30,39,90
2011-08-31,38,100
2011-09-01,46,121
2011-09-02,16,166
2011-09-05,6,221
2011-09-06,7,112
2011-09-07,54,16
2011-09-08,30,22
2011-09-09,27,35
2011-09-13,23,63
2011-09-14,37,17
2011-09-15,38,12
2011-09-16,32,14
2011-09-19,17,45
2011-09-20,31,27
2011-09-21,121,2
2011-09-22,21,49
2011-09-23,28,67
2011-09-26,18,76
2011-09-27,31,36
2011-09-28,14,73
2011-09-29,12,94
2011-09-30,7,41
2011-10-10,11,20
2011-10-11,14,21
2011-10-12,47,2
2011-10-13,86,3
2011-10-14,88,0
2011-10-17,110,3
2011-10-18,27,71
2011-10-19,18,63
2011-10-20,7,83
2011-10-21,7,75
2011-10-24,28,14
2011-10-25,89,1
2011-10-26,105,2
2011-10-27,127,3
2011-10-28,200,1
2011-10-31,178,2
2011-11-01,178,7
2011-11-02,237,1
2011-11-03,195,4
2011-11-04,195,6
2011-11-07,101,8
2011-11-08,27,69
2011-11-09,61,15
2011-11-10,17,117
2011-11-11,32,109
2011-11-14,111,6
2011-11-15,122,7
2011-11-16,15,149
2011-11-17,15,129
2011-11-18,9,405
2011-11-21,10,235
2011-11-22,21,183
2011-11-23,18,114
2011-11-24,25,97
2011-11-25,26,87
2011-11-28,28,65
2011-11-29,80,21
2011-11-30,11,151
2011-12-01,65,32
2011-12-02,27,96
2011-12-05,8,146
2011-12-06,13,85
2011-12-07,11,40
2011-12-08,20,25
2011-12-09,16,23
2011-12-12,6,32
2011-12-13,8,47
2011-12-14,1,31
2011-12-15,11,29
2011-12-16,13,6
2011-12-19,33,4
2011-12-20,20,6
2011-12-21,10,24
2011-12-22,7,11
2011-12-23,17,8
2011-12-26,13,12
2011-12-27,4,28
2011-12-28,8,23
2011-12-29,17,12
2011-12-30,21,4
2012-01-04,7,13
2012-01-05,13,31
2012-01-06,13,14
2012-01-09,39,2
2012-01-10,105,0
2012-01-11,128,2
2012-01-12,137,4
2012-01-13,18,63
2012-01-16,5,118
2012-01-17,140,0
2012-01-18,62,19
2012-01-19,87,10
2012-01-20,101,11
2012-01-30,72,19
2012-01-31,85,23
2012-02-01,47,58
2012-02-02,120,5
2012-02-03,253,4
2012-02-06,273,2
2012-02-07,57,69
2012-02-08,240,3
2012-02-09,170,0
2012-02-10,113,3
2012-02-13,87,2
2012-02-14,41,4
2012-02-15,44,2
2012-02-16,23,1
2012-02-17,9,6
2012-02-20,4,9
2012-02-21,11,2
2012-02-22,15,0
2012-02-23,5,4
2012-02-24,9,1
2012-02-27,4,0
2012-02-28,4,2
2012-02-29,2,11
2012-03-01,1,18
2012-03-02,2,5
2012-03-05,3,21
2012-03-06,3,30
2012-03-07,5,80
2012-03-08,12,33
2012-03-09,42,4
2012-03-12,52,7
2012-03-13,34,3
2012-03-14,4,118
2012-03-15,3,487
2012-03-16,13,193
2012-03-19,94,28
2012-03-20,26,175
2012-03-21,35,97
2012-03-22,39,94
2012-03-23,12,194
2012-03-26,23,159
2012-03-27,26,131
2012-03-28,11,294
2012-03-29,12,186
2012-03-30,23,95
2012-04-05,42,7
2012-04-06,72,7
2012-04-09,41,18
2012-04-10,68,8
2012-04-11,87,18
2012-04-12,158,1
2012-04-13,204,1
2012-04-16,179,13
2012-04-17,65,40
2012-04-18,193,13
2012-04-19,152,11
2012-04-20,182,13
2012-04-23,58,165
2012-04-24,19,212
2012-04-25,54,84
2012-04-26,50,68
2012-04-27,44,77
2012-05-02,102,32
2012-05-03,92,31
2012-05-04,132,16
2012-05-07,146,17
2012-05-08,115,16
2012-05-09,36,139
2012-05-10,49,108
2012-05-11,35,130
2012-05-14,30,154
2012-05-15,43,161
2012-05-16,21,194
2012-05-17,85,51
2012-05-18,38,161
2012-05-21,42,119
2012-05-22,81,31
2012-05-23,69,63
2012-05-24,43,72
2012-05-25,26,132
2012-05-28,82,49
2012-05-29,123,14
2012-05-30,122,17
2012-05-31,110,20
2012-06-01,94,34
2012-06-04,18,285
2012-06-05,30,153
2012-06-06,19,106
2012-06-07,21,79
2012-06-08,22,75
2012-06-11,77,17
2012-06-12,76,37
2012-06-13,126,6
2012-06-14,95,15
2012-06-15,97,32
2012-06-18,123,16
2012-06-19,96,44
2012-06-20,77,58
2012-06-21,23,140
2012-06-25,19,224
2012-06-26,19,134
2012-06-27,22,97
2012-06-28,21,82
2012-06-29,40,27
2012-07-02,76,11
2012-07-03,88,10
2012-07-04,63,24
2012-07-05,21,63
2012-07-06,63,26
2012-07-09,23,87
2012-07-10,20,105
2012-07-11,33,46
2012-07-12,67,12
2012-07-13,27,22
2012-07-16,9,96
2012-07-17,27,63
2012-07-18,52,24
2012-07-19,59,16
2012-07-20,44,34
2012-07-23,36,50
2012-07-24,49,25
2012-07-25,37,42
2012-07-26,19,68
2012-07-27,23,84
2012-07-30,10,125
2012-07-31,10,105
2012-08-01,25,30
2012-08-02,45,16
2012-08-03,88,4
2012-08-06,171,0
2012-08-07,209,1
2012-08-08,163,2
2012-08-09,256,0
2012-08-10,169,17
2012-08-13,33,172
2012-08-14,83,81
2012-08-15,37,133
2012-08-16,26,150
2012-08-17,32,99
2012-08-20,52,83
2012-08-21,152,11
2012-08-22,126,40
2012-08-23,204,23
2012-08-24,43,155
2012-08-27,16,348
2012-08-28,19,130
2012-08-29,39,56
2012-08-30,29,139
2012-08-31,23,73
2012-09-03,76,20
2012-09-04,53,28
2012-09-05,120,21
2012-09-06,140,5
2012-09-07,348,0
2012-09-10,429,1
2012-09-11,186,6
2012-09-12,158,6
2012-09-13,31,60
2012-09-14,26,62
2012-09-17,3,328
2012-09-18,6,369
2012-09-19,35,154
2012-09-20,10,392
2012-09-21,9,243
2012-09-24,23,76
2012-09-25,22,80
2012-09-26,6,86
2012-09-27,50,21
2012-09-28,91,8
2012-10-08,83,9
2012-10-09,238,2
2012-10-10,378,3
2012-10-11,120,37
2012-10-12,108,58
2012-10-15,50,143
2012-10-16,70,76
2012-10-17,77,60
2012-10-18,205,10
2012-10-19,170,18
2012-10-22,146,16
2012-10-23,40,100
2012-10-24,49,123
2012-10-25,26,200
2012-10-26,8,398
2012-10-29,13,236
2012-10-30,22,111
2012-10-31,53,43
2012-11-01,121,2
2012-11-02,159,8
2012-11-05,125,37
2012-11-06,60,81
2012-11-07,47,68
2012-11-08,14,260
2012-11-09,16,144
2012-11-12,45,48
2012-11-13,11,100
2012-11-14,18,74
2012-11-15,8,95
2012-11-16,16,62
2012-11-19,21,41
2012-11-20,28,19
2012-11-21,45,8
2012-11-22,29,38
2012-11-23,43,18
2012-11-26,28,40
2012-11-27,7,109
2012-11-28,7,77
2012-11-29,6,36
2012-11-30,19,11
2012-12-03,17,16
2012-12-04,27,6
2012-12-05,67,0
2012-12-06,93,1
2012-12-07,132,1
2012-12-10,220,0
2012-12-11,132,4
2012-12-12,136,13
2012-12-13,62,61
2012-12-14,377,1
2012-12-17,384,4
2012-12-18,236,11
2012-12-19,159,14
2012-12-20,92,20
2012-12-21,50,27
2012-12-24,70,16
2012-12-25,78,0
2012-12-26,53,0
2012-12-27,17,0
2012-12-28,10,1
2012-12-31,5,0
2013-01-04,5,5
2013-01-07,5,7
2013-01-08,6,4
2013-01-09,9,0
2013-01-10,8,4
2013-01-11,1,16
2013-01-14,5,3
2013-01-15,6,4
2013-01-16,6,4
2013-01-17,3,11
2013-01-18,4,3
2013-01-21,10,7
2013-01-22,5,19
2013-01-23,4,34
2013-01-24,2,154
2013-01-25,1,309
2013-01-28,64,64
2013-01-29,103,24
2013-01-30,70,44
2013-01-31,36,96
2013-02-01,46,58
2013-02-04,44,107
2013-02-05,66,58
2013-02-06,65,29
2013-02-07,57,32
2013-02-08,117,7
2013-02-18,149,9
2013-02-19,36,78
2013-02-20,68,38
2013-02-21,21,223
2013-02-22,21,225
2013-02-25,41,98
2013-02-26,22,195
2013-02-27,27,137
2013-02-28,100,24
2013-03-01,179,14
2013-03-04,21,243
2013-03-05,74,56
2013-03-06,175,12
2013-03-07,78,31
2013-03-08,39,68
2013-03-11,48,71
2013-03-12,14,258
2013-03-13,11,335
2013-03-14,18,188
2013-03-15,26,98
2013-03-18,26,118
2013-03-19,37,76
2013-03-20,113,11
2013-03-21,176,4
2013-03-22,178,11
2013-03-25,129,20
2013-03-26,63,81
2013-03-27,81,54
2013-03-28,26,264
2013-03-29,29,155
2013-04-01,50,80
2013-04-02,32,104
2013-04-03,27,137
2013-04-08,47,75
2013-04-09,57,32
2013-04-10,38,47
2013-04-11,44,61
2013-04-12,27,81
2013-04-15,27,88
2013-04-16,46,29
2013-04-17,75,18
2013-04-18,81,19
2013-04-19,139,4
2013-04-22,179,15
2013-04-23,44,125
2013-04-24,102,39
2013-04-25,60,72
2013-04-26,19,122
2013-05-02,47,86
2013-05-03,97,16
2013-05-06,167,8
2013-05-07,147,8
2013-05-08,169,8
2013-05-09,137,30
2013-05-10,153,5
2013-05-13,120,23
2013-05-14,47,69
2013-05-15,84,42
2013-05-16,123,8
2013-05-17,171,2
2013-05-20,176,16
2013-05-21,106,6
2013-05-22,62,9
2013-05-23,11,42
2013-05-24,16,19
2013-05-28,1,0
2013-05-29,32,22
2013-05-30,20,39
2013-05-31,15,72
2013-06-03,16,79
2013-06-04,10,240
2013-06-05,9,203
2013-06-06,10,283
2013-06-07,8,339
2013-06-13,6,386
2013-06-14,41,72
2013-06-17,47,44
2013-06-18,53,24
2013-06-19,48,46
2013-06-20,9,123
2013-06-21,19,87
2013-06-24,6,164
2013-06-25,17,89
2013-06-26,41,9
2013-06-27,14,26
2013-06-28,19,29
2013-07-01,37,10
2013-07-02,75,1
2013-07-03,70,2
2013-07-04,73,5
2013-07-05,50,27
2013-07-08,14,107
2013-07-09,29,53
2013-07-10,64,7
2013-07-11,148,7
2013-07-12,115,7
2013-07-15,214,7
2013-07-16,251,0
2013-07-17,119,37
2013-07-18,93,77
2013-07-19,31,192
2013-07-22,68,93
2013-07-23,166,6
2013-07-24,138,11
2013-07-25,69,52
2013-07-26,56,81
2013-07-29,23,169
2013-07-30,33,109
2013-07-31,37,76
2013-08-01,146,4
2013-08-02,147,8
2013-08-05,285,2
2013-08-06,260,0
2013-08-07,95,23
2013-08-08,72,24
2013-08-09,66,52
2013-08-12,107,26
2013-08-13,65,6
2013-08-14,43,17
2013-08-15,11,56
2013-08-16,10,177
2013-08-19,26,91
2013-08-20,37,117
2013-08-21,46,73
2013-08-22,54,66
2013-08-23,47,137
2013-08-26,111,11
2013-08-27,119,12
2013-08-28,53,74
2013-08-29,41,77
2013-08-30,33,236
2013-09-02,49,93
2013-09-03,88,37
2013-09-04,74,35
2013-09-05,59,44
2013-09-06,65,35
2013-09-09,79,26
2013-09-10,96,34
2013-09-11,51,90
2013-09-12,38,78
2013-09-13,33,34
2013-09-16,46,38
2013-09-17,32,146
2013-09-18,34,112
2013-09-23,117,23
2013-09-24,102,76
2013-09-25,56,122
2013-09-26,37,268
2013-09-27,48,185
2013-09-30,47,85
2013-10-07,1,0
2013-10-08,139,19
2013-10-09,203,8
2013-10-10,96,51
2013-10-11,163,7
2013-10-14,143,18
2013-10-15,84,31
2013-10-16,14,167
2013-10-17,25,190
2013-10-18,27,106
2013-10-21,112,12
2013-10-22,67,52
2013-10-23,20,188
2013-10-24,20,244
2013-10-25,11,290
2013-10-28,21,185
2013-10-29,12,224
2013-10-30,51,78
2013-10-31,35,73
2013-11-01,37,69
2013-11-04,44,38
2013-11-05,78,16
2013-11-06,49,30
2013-11-07,37,65
2013-11-08,17,95
2013-11-11,39,45
2013-11-12,60,26
2013-11-13,34,85
2013-11-14,85,41
2013-11-15,150,7
2013-11-18,298,1
2013-11-19,263,8
2013-11-20,266,8
2013-11-21,193,24
2013-11-22,85,44
2013-11-25,73,57
2013-11-26,68,54
2013-11-27,117,26
2013-11-28,142,9
2013-11-29,105,21
2013-12-02,23,459
2013-12-03,38,207
2013-12-04,118,76
2013-12-05,83,70
2013-12-06,84,58
2013-12-09,85,32
2013-12-10,92,38
2013-12-11,33,125
2013-12-12,39,113
2013-12-13,58,81
2013-12-16,39,211
2013-12-17,28,172
2013-12-18,32,144
2013-12-19,32,139
2013-12-20,20,212
2013-12-23,37,162
2013-12-24,54,69
2013-12-25,121,10
2013-12-26,71,64
2013-12-27,111,16
2013-12-30,114,18
2013-12-31,102,20
2014-01-02,129,14
2014-01-03,85,40
2014-01-06,25,179
2014-01-07,23,80
2014-01-08,49,60
2014-01-09,22,91
2014-01-10,15,143
2014-01-13,15,88
2014-01-14,47,18
2014-01-15,93,7
2014-01-16,67,10
2014-01-17,36,38
2014-01-20,21,52
2014-01-21,41,27
2014-01-22,149,2
2014-01-23,144,9
2014-01-24,251,4
2014-01-27,122,25
2014-01-28,88,43
2014-01-29,72,32
2014-01-30,65,60
2014-02-07,96,17
2014-02-10,282,1
2014-02-11,209,4
2014-02-12,117,6
2014-02-13,26,13
2014-02-14,39,10
2014-02-17,42,5
2014-02-18,18,28
2014-02-19,24,13
2014-02-20,11,42
2014-02-21,5,59
2014-02-24,2,193
2014-02-25,1,408
2014-02-26,13,298
2014-02-27,17,262
2014-02-28,21,81
2014-03-03,111,24
2014-03-04,87,28
2014-03-05,76,28
2014-03-06,60,42
2014-03-07,56,66
2014-03-10,12,287
2014-03-11,36,171
2014-03-12,26,132
2014-03-13,67,40
2014-03-14,53,57
2014-03-17,113,17
2014-03-18,162,18
2014-03-19,131,23
2014-03-20,32,121
2014-03-21,126,32
2014-03-24,185,44
2014-03-25,136,38
2014-03-26,113,31
2014-03-27,34,122
2014-03-28,18,238
2014-03-31,26,194
2014-04-01,49,45
2014-04-02,74,63
2014-04-03,47,63
2014-04-04,85,20
2014-04-08,187,7
2014-04-09,195,7
2014-04-10,144,8
2014-04-11,114,43
2014-04-14,127,13
2014-04-15,68,66
2014-04-16,61,76
2014-04-17,68,99
2014-04-18,84,75
2014-04-21,21,268
2014-04-22,24,268
2014-04-23,22,172
2014-04-24,26,162
2014-04-25,17,214
2014-04-28,13,210
2014-04-29,17,65
2014-04-30,32,25
2014-05-05,73,15
2014-05-06,80,11
2014-05-07,37,28
2014-05-08,31,23
2014-05-09,42,45
2014-05-12,106,9
2014-05-13,105,11
2014-05-14,91,21
2014-05-15,26,83
2014-05-16,39,79
2014-05-19,28,98
2014-05-20,53,46
2014-05-21,85,19
2014-05-22,65,40
2014-05-23,133,21
2014-05-26,208,8
2014-05-27,118,27
2014-05-28,208,8
2014-05-29,69,102
2014-05-30,70,64
2014-06-03,58,55
2014-06-04,29,174
2014-06-05,90,42
2014-06-06,54,44
2014-06-09,46,69
2014-06-10,101,34
2014-06-11,114,11
2014-06-12,82,48
2014-06-13,152,8
2014-06-16,159,14
2014-06-17,55,68
2014-06-18,38,154
2014-06-19,8,363
2014-06-20,23,167
2014-06-23,56,61
2014-06-24,93,17
2014-06-25,85,53
2014-06-26,138,7
2014-06-27,185,8
2014-06-30,181,14
2014-07-01,183,8
2014-07-02,152,5
2014-07-03,125,6
2014-07-04,49,10
2014-07-07,33,36
2014-07-08,36,21
2014-07-09,9,127
2014-07-10,17,108
2014-07-11,40,40
2014-07-14,79,23
2014-07-15,54,39
2014-07-16,34,83
2014-07-17,17,98
2014-07-18,20,80
2014-07-21,15,87
2014-07-22,42,36
2014-07-23,35,103
2014-07-24,35,99
2014-07-25,55,62
2014-07-28,114,7
2014-07-29,140,4
2014-07-30,112,2
2014-07-31,99,1
2014-08-01,47,31
2014-08-04,57,12
2014-08-05,72,7
2014-08-06,64,6
2014-08-07,24,16
2014-08-08,35,13
2014-08-11,59,1
2014-08-12,33,7
2014-08-13,14,13
2014-08-14,7,33
2014-08-15,18,12
2014-08-18,37,12
2014-08-19,20,4
2014-08-20,13,7
2014-08-21,11,13
2014-08-22,6,17
2014-08-25,9,45
2014-08-26,2,178
2014-08-27,5,183
2014-08-28,10,252
2014-08-29,23,71
2014-09-01,141,7
2014-09-02,200,1
2014-09-03,181,1
2014-09-04,119,1
2014-09-05,60,5
2014-09-09,26,10
2014-09-10,14,11
2014-09-11,16,16
2014-09-12,12,15
2014-09-15,14,19
2014-09-16,3,98
2014-09-17,4,107
2014-09-18,14,76
2014-09-19,21,34
2014-09-22,20,116
2014-09-23,43,35
2014-09-24,72,5
2014-09-25,57,14
2014-09-26,60,23
2014-09-29,51,14
2014-09-30,62,8
2014-10-08,66,5
2014-10-09,43,10
2014-10-10,19,26
2014-10-13,11,42
2014-10-14,8,77
2014-10-15,9,46
2014-10-16,5,129
2014-10-17,13,237
2014-10-20,21,129
2014-10-21,14,176
2014-10-22,20,218
2014-10-23,8,308
2014-10-24,21,185
2014-10-27,37,73
2014-10-28,161,7
2014-10-29,247,3
2014-10-30,232,6
2014-10-31,173,38
2014-11-03,187,13
2014-11-04,95,71
2014-11-05,61,76
2014-11-06,58,41
2014-11-07,31,108
2014-11-10,46,65
2014-11-11,19,341
2014-11-12,35,111
2014-11-13,35,171
2014-11-14,21,107
2014-11-17,41,29
2014-11-18,74,35
2014-11-19,103,39
2014-11-20,87,41
2014-11-21,107,18
2014-11-24,194,5
2014-11-25,241,4
2014-11-26,153,13
2014-11-27,162,16
2014-11-28,67,42
2014-12-01,19,124
2014-12-02,23,69
2014-12-03,77,25
2014-12-04,70,25
2014-12-05,30,178
2014-12-08,25,214
2014-12-09,11,379
2014-12-10,46,86
2014-12-11,79,24
2014-12-12,99,12
2014-12-15,171,9
2014-12-16,76,17
2014-12-17,31,85
2014-12-18,12,68
2014-12-19,9,135
2014-12-22,8,310
2014-12-23,2,192
2014-12-24,14,84
2014-12-25,38,32
2014-12-26,45,19
2014-12-29,43,53
2014-12-30,19,81
2014-12-31,22,36
2015-01-05,83,26
2015-01-06,106,16
2015-01-07,72,13
2015-01-08,59,36
2015-01-09,42,61
2015-01-12,53,142
2015-01-13,74,86
2015-01-14,62,108
2015-01-15,89,34
2015-01-16,139,12
2015-01-19,63,198
2015-01-20,240,36
2015-01-21,275,0
2015-01-22,295,4
2015-01-23,119,5
2015-01-26,178,3
2015-01-27,125,4
2015-01-28,42,17
2015-01-29,24,41
2015-01-30,18,78
2015-02-02,4,181
2015-02-03,41,65
2015-02-04,29,90
2015-02-05,19,131
2015-02-06,4,264
2015-02-09,10,229
2015-02-10,24,87
2015-02-11,65,38
2015-02-12,140,11
2015-02-13,215,3
2015-02-16,281,1
2015-02-17,207,5
2015-02-25,115,17
2015-02-26,121,5
2015-02-27,76,0
2015-03-02,80,3
2015-03-03,20,12
2015-03-04,18,18
2015-03-05,6,35
2015-03-06,13,43
2015-03-09,17,17
2015-03-10,23,17
2015-03-11,17,26
2015-03-12,24,16
2015-03-13,20,14
2015-03-16,72,2
2015-03-17,33,0
2015-03-18,25,1
2015-03-19,3,0
2015-03-20,5,2
2015-03-23,5,1
2015-03-24,1,1
2015-03-25,1,2
2015-03-26,0,4
2015-03-27,1,3
2015-03-30,3,4
2015-03-31,6,8
2015-04-01,4,1
2015-04-02,11,2
2015-04-03,5,3
2015-04-07,6,0
2015-04-08,2,0
2015-04-09,1,10
2015-04-10,3,10
2015-04-13,2,5
2015-04-14,3,9
2015-04-15,3,57
2015-04-16,3,66
2015-04-17,14,36
2015-04-20,12,114
2015-04-21,47,19
2015-04-22,85,2
2015-04-23,74,1
2015-04-24,25,15
2015-04-27,30,11
2015-04-28,7,114
2015-04-29,17,56
2015-04-30,18,76
2015-05-04,36,47
2015-05-05,12,192
2015-05-06,13,291
2015-05-07,18,349
2015-05-08,66,78
2015-05-11,235,2
2015-05-12,232,7
2015-05-13,168,9
2015-05-14,104,10
2015-05-15,39,66
2015-05-18,49,44
2015-05-19,87,4
2015-05-20,70,1
2015-05-21,85,1
2015-05-22,97,0
2015-05-25,56,0
2015-05-26,21,0
2015-05-27,5,4
2015-05-28,0,20
2015-05-29,4,42
2015-06-01,9,12
2015-06-02,28,2
2015-06-03,9,3
2015-06-04,7,9
2015-06-05,14,3
2015-06-08,18,9
2015-06-09,5,9
2015-06-10,3,11
2015-06-11,6,12
2015-06-12,5,10
2015-06-15,2,35
2015-06-16,1,112
2015-06-17,5,70
2015-06-18,1,196
2015-06-19,2,482
2015-06-23,6,333
2015-06-24,30,127
2015-06-25,8,202
2015-06-26,4,284
2015-06-29,3,153
2015-06-30,10,48
2015-07-01,8,48
2015-07-02,5,57
2015-07-03,0,49
2015-07-06,6,27
2015-07-07,4,11
2015-07-08,1,4
2015-07-09,3,2
2015-07-10,10,0
2015-07-13,27,1
2015-07-14,9,5
2015-07-15,4,18
2015-07-16,12,9
2015-07-17,29,8
2015-07-20,56,8
2015-07-21,75,14
2015-07-22,115,3
2015-07-23,207,7
2015-07-24,163,11
2015-07-27,13,239
2015-07-28,12,179
2015-07-29,61,14
2015-07-30,25,44
2015-07-31,29,54
2015-08-03,17,113
2015-08-04,54,7
2015-08-05,61,16
2015-08-06,68,29
2015-08-07,132,8
2015-08-10,357,2
2015-08-11,384,1
2015-08-12,185,20
2015-08-13,202,3
2015-08-14,123,8
2015-08-17,87,13
2015-08-18,9,220
2015-08-19,27,165
2015-08-20,17,293
2015-08-21,0,483
2015-08-24,2,414
2015-08-25,0,162
2015-08-26,1,66
2015-08-27,3,15
2015-08-28,4,7
2015-08-31,8,4
2015-09-01,3,13
2015-09-02,2,18
2015-09-07,3,12
2015-09-08,7,4
2015-09-09,17,6
2015-09-10,19,6
2015-09-11,29,6
2015-09-14,9,12
2015-09-15,8,32
2015-09-16,19,7
2015-09-17,21,8
2015-09-18,31,9
2015-09-21,90,8
2015-09-22,84,7
2015-09-23,69,12
2015-09-24,128,11
2015-09-25,35,73
2015-09-28,96,21
2015-09-29,55,33
2015-09-30,61,40
2015-10-08,231,2
2015-10-09,334,5
2015-10-12,544,3
2015-10-13,287,2
2015-10-14,74,9
2015-10-15,86,1
2015-10-16,35,5
2015-10-19,15,0
2015-10-20,13,2
2015-10-21,6,28
2015-10-22,9,20
2015-10-23,13,13
2015-10-26,20,13
2015-10-27,14,13
2015-10-28,8,31
2015-10-29,7,20
2015-10-30,5,26
2015-11-02,5,97
2015-11-03,7,103
2015-11-04,87,1
2015-11-05,81,6
2015-11-06,92,1
2015-11-09,46,0
2015-11-10,30,2
2015-11-11,21,0
2015-11-12,15,3
2015-11-13,4,11
2015-11-16,10,11
2015-11-17,5,18
2015-11-18,3,62
2015-11-19,12,28
2015-11-20,26,13
2015-11-23,22,36
2015-11-24,20,42
2015-11-25,34,9
2015-11-26,17,15
2015-11-27,2,322
2015-11-30,1,351
2015-12-01,21,224
2015-12-02,37,184
2015-12-03,76,31
2015-12-04,69,58
2015-12-07,106,24
2015-12-08,55,134
2015-12-09,38,133
2015-12-10,29,120
2015-12-11,24,143
2015-12-14,99,43
2015-12-15,129,19
2015-12-16,141,11
2015-12-17,305,1
2015-12-18,175,8
2015-12-21,205,14
2015-12-22,135,8
2015-12-23,56,63
2015-12-24,18,98
2015-12-25,29,48
2015-12-28,23,184
2015-12-29,36,97
2015-12-30,63,75
2015-12-31,27,127
2016-01-04,1,770
2016-01-05,12,425
2016-01-06,31,94
2016-01-07,2,169
2016-01-08,18,57
2016-01-11,7,59
2016-01-12,6,64
2016-01-13,2,36
2016-01-14,7,21
2016-01-15,3,15
2016-01-18,7,9
2016-01-19,15,4
2016-01-20,22,9
2016-01-21,6,15
2016-01-22,10,14
2016-01-25,33,7
2016-01-26,5,26
2016-01-27,9,16
2016-01-28,8,23
2016-01-29,8,14
2016-02-01,7,17
2016-02-02,28,1
2016-02-03,24,6
2016-02-04,53,0
2016-02-05,42,7
2016-02-15,69,11
2016-02-16,212,0
2016-02-17,242,1
2016-02-18,251,3
2016-02-19,298,7
2016-02-22,406,0
2016-02-23,203,16
2016-02-24,213,35
2016-02-25,6,879
2016-02-26,12,430
2016-02-29,13,338
2016-03-01,24,80
2016-03-02,106,9
2016-03-03,118,2
2016-03-04,77,51
2016-03-07,132,18
2016-03-08,111,11
2016-03-09,36,100
2016-03-10,11,149
2016-03-11,13,140
2016-03-14,102,22
2016-03-15,112,35
2016-03-16,81,79
2016-03-17,277,3
2016-03-18,691,3
2016-03-21,668,1
2016-03-22,124,0
2016-03-23,54,1
2016-03-24,21,22
2016-03-25,9,18
2016-03-28,9,37
2016-03-29,8,128
2016-03-30,35,13
2016-03-31,39,12
2016-04-01,37,22
2016-04-05,83,4
2016-04-06,36,2
2016-04-07,9,26
2016-04-08,5,78
2016-04-11,19,22
2016-04-12,18,40
2016-04-13,39,8
2016-04-14,54,5
2016-04-15,26,8
2016-04-18,7,55
2016-04-19,12,58
2016-04-20,7,524
2016-04-21,7,582
2016-04-22,10,235
2016-04-25,36,154
2016-04-26,49,43
2016-04-27,55,47
2016-04-28,55,70
2016-04-29,55,59
2016-05-03,204,5
2016-05-04,198,10
2016-05-05,210,11
2016-05-06,11,277
2016-05-09,7,512
2016-05-10,6,208
2016-05-11,21,110
2016-05-12,26,66
2016-05-13,21,34
2016-05-16,44,12
2016-05-17,33,15
2016-05-18,13,54
2016-05-19,23,29
2016-05-20,52,12
2016-05-23,66,9
2016-05-24,49,24
2016-05-25,49,33
2016-05-26,57,15
2016-05-27,60,27
2016-05-30,50,38
2016-05-31,308,0
2016-06-01,345,0
2016-06-02,379,3
2016-06-03,330,5
2016-06-06,138,8
2016-06-07,69,16
2016-06-08,40,50
2016-06-13,8,581
2016-06-14,11,409
2016-06-15,92,35
2016-06-16,90,72
2016-06-17,109,23
2016-06-20,120,35
2016-06-21,54,70
2016-06-22,140,20
2016-06-23,126,45
2016-06-24,34,161
2016-06-27,142,15
2016-06-28,236,7
2016-06-29,143,3
2016-06-30,125,18
2016-07-01,68,23
2016-07-04,136,6
2016-07-05,105,8
2016-07-06,55,14
2016-07-07,37,15
2016-07-08,16,31
2016-07-11,19,59
2016-07-12,26,54
2016-07-13,37,25
2016-07-14,30,26
2016-07-15,22,51
2016-07-18,13,93
2016-07-19,18,57
2016-07-20,24,40
2016-07-21,22,59
2016-07-22,18,113
2016-07-25,20,121
2016-07-26,54,36
2016-07-27,6,534
2016-07-28,13,366
2016-07-29,15,246
2016-08-01,13,207
2016-08-02,23,65
2016-08-03,47,44
2016-08-04,49,17
2016-08-05,47,35
2016-08-08,108,25
2016-08-09,146,8
2016-08-10,113,20
2016-08-11,36,107
2016-08-12,85,30
2016-08-15,274,5
2016-08-16,252,7
2016-08-17,262,7
2016-08-18,159,20
2016-08-19,117,28
2016-08-22,43,148
2016-08-23,40,118
2016-08-24,72,69
2016-08-25,39,178
2016-08-26,56,110
2016-08-29,88,73
2016-08-30,65,77
2016-08-31,48,52
2016-09-01,37,160
2016-09-02,38,172
2016-09-05,68,98
2016-09-06,157,25
2016-09-07,158,24
2016-09-08,146,35
2016-09-09,42,97
2016-09-12,10,493
2016-09-13,9,70
2016-09-14,15,197
2016-09-19,46,59
2016-09-20,64,51
2016-09-21,61,30
2016-09-22,73,23
2016-09-23,90,45
2016-09-26,24,198
2016-09-27,49,85
2016-09-28,57,78
2016-09-29,72,39
2016-09-30,84,20
2016-10-10,227,15
2016-10-11,267,8
2016-10-12,220,12
2016-10-13,190,20
2016-10-14,93,35
2016-10-17,36,173
2016-10-18,170,28
2016-10-19,94,46
2016-10-20,139,38
2016-10-21,51,103
2016-10-24,108,42
2016-10-25,108,23
2016-10-26,75,82
2016-10-27,40,106
2016-10-28,30,212
2016-10-31,34,216
2016-11-01,79,44
2016-11-02,50,162
2016-11-03,71,53
2016-11-04,59,86
2016-11-07,61,66
2016-11-08,92,36
2016-11-09,24,128
2016-11-10,131,19
2016-11-11,155,23
2016-11-14,182,25
2016-11-15,127,20
2016-11-16,130,20
2016-11-17,49,42
2016-11-18,31,103
2016-11-21,36,89
2016-11-22,86,28
2016-11-23,46,73
2016-11-24,29,159
2016-11-25,36,134
2016-11-28,35,119
2016-11-29,29,220
2016-11-30,25,239
2016-12-01,57,122
2016-12-02,16,276
2016-12-05,18,228
2016-12-06,33,123
2016-12-07,62,37
2016-12-08,58,62
2016-12-09,65,56
2016-12-12,4,252
2016-12-13,21,75
2016-12-14,33,61
2016-12-15,37,38
2016-12-16,57,27
2016-12-19,71,19
2016-12-20,76,24
2016-12-21,60,5
2016-12-22,73,18
2016-12-23,40,62
2016-12-26,39,52
2016-12-27,79,41
2016-12-28,60,38
2016-12-29,49,45
2016-12-30,71,37
2017-01-03,126,20
2017-01-04,213,14
2017-01-05,186,18
2017-01-06,129,89
2017-01-09,147,43
2017-01-10,91,58
2017-01-11,47,138
2017-01-12,20,239
2017-01-13,23,261
2017-01-16,27,369
2017-01-17,16,93
2017-01-18,25,33
2017-01-19,24,36
2017-01-20,42,5
2017-01-23,81,6
2017-01-24,76,12
2017-01-25,78,16
2017-01-26,94,9
2017-02-03,72,24
2017-02-06,133,17
2017-02-07,143,20
2017-02-08,186,13
2017-02-09,254,4
2017-02-10,192,27
2017-02-13,191,18
2017-02-14,138,36
2017-02-15,49,131
2017-02-16,83,79
2017-02-17,35,195
2017-02-20,94,70
2017-02-21,149,21
2017-02-22,143,16
2017-02-23,126,34
2017-02-24,124,31
2017-02-27,58,92
2017-02-28,65,82
2017-03-01,80,52
2017-03-02,36,167
2017-03-03,55,151
2017-03-06,118,34
2017-03-07,130,41
2017-03-08,51,75
2017-03-09,28,199
2017-03-10,27,177
2017-03-13,49,80
2017-03-14,51,105
2017-03-15,48,127
2017-03-16,115,25
2017-03-17,60,95
2017-03-20,94,100
2017-03-21,89,86
2017-03-22,52,143
2017-03-23,49,142
2017-03-24,61,70
2017-03-27,69,84
2017-03-28,50,101
2017-03-29,38,186
2017-03-30,23,317
2017-03-31,33,139
2017-04-05,127,34
2017-04-06,119,31
2017-04-07,97,36
2017-04-10,88,91
2017-04-11,108,63
2017-04-12,55,84
2017-04-13,61,48
2017-04-14,16,123
2017-04-17,7,179
2017-04-18,22,147
2017-04-19,14,133
2017-04-20,36,81
2017-04-21,18,63
2017-04-24,14,96
2017-04-25,24,50
2017-04-26,31,25
2017-04-27,36,19
2017-04-28,50,27
2017-05-02,52,18
2017-05-03,42,31
2017-05-04,49,28
2017-05-05,26,46
2017-05-08,23,89
2017-05-09,31,58
2017-05-10,20,67
2017-05-11,21,39
2017-05-12,37,18
2017-05-15,24,12
2017-05-16,95,1
2017-05-17,104,6
2017-05-18,70,21
2017-05-19,57,18
2017-05-22,44,96
2017-05-23,21,142
2017-05-24,27,56
2017-05-25,49,24
2017-05-26,47,22
2017-05-31,57,21
2017-06-01,26,79
2017-06-02,45,26
2017-06-05,64,14
2017-06-06,71,16
2017-06-07,174,2
2017-06-08,154,11
2017-06-09,170,12
2017-06-12,72,105
2017-06-13,145,19
2017-06-14,128,32
2017-06-15,262,19
2017-06-16,209,35
2017-06-19,278,25
2017-06-20,149,26
2017-06-21,109,42
2017-06-22,32,301
2017-06-23,28,264
2017-06-26,132,52
2017-06-27,126,39
2017-06-28,48,127
2017-06-29,61,65
2017-06-30,72,54
2017-07-03,162,18
2017-07-04,102,58
2017-07-05,131,17
2017-07-06,98,50
2017-07-07,94,55
2017-07-10,42,132
2017-07-11,24,223
2017-07-12,14,259
2017-07-13,35,188
2017-07-14,41,142
2017-07-17,9,488
2017-07-18,16,159
2017-07-19,47,36
2017-07-20,72,12
2017-07-21,71,14
2017-07-24,100,17
2017-07-25,64,20
2017-07-26,56,35
2017-07-27,124,14
2017-07-28,127,17
2017-07-31,104,17
2017-08-01,100,32
2017-08-02,57,93
2017-08-03,80,68
2017-08-04,52,100
2017-08-07,90,46
2017-08-08,101,44
2017-08-09,121,50
2017-08-10,54,135
2017-08-11,35,269
2017-08-14,146,82
2017-08-15,142,55
2017-08-16,244,64
2017-08-17,277,29
2017-08-18,150,41
2017-08-21,197,20
2017-08-22,87,64
2017-08-23,61,121
2017-08-24,37,252
2017-08-25,106,59
2017-08-28,246,17
2017-08-29,141,52
2017-08-30,112,51
2017-08-31,100,63
2017-09-01,100,50
2017-09-04,108,59
2017-09-05,76,67
2017-09-06,61,51
2017-09-07,42,66
2017-09-08,39,82
2017-09-11,60,54
2017-09-12,51,80
2017-09-13,64,75
2017-09-14,41,96
2017-09-15,45,133
2017-09-18,64,98
2017-09-19,52,127
2017-09-20,77,40
2017-09-22,49,124
2017-09-25,38,296
2017-09-26,34,238
2017-09-27,58,113
2017-09-28,45,132
2017-09-29,84,60
2017-10-09,187,27
2017-10-10,301,19
2017-10-11,196,42
2017-10-12,91,76
2017-10-13,138,35
2017-10-16,27,302
2017-10-17,38,286
2017-10-18,23,325
2017-10-19,18,302
2017-10-20,61,103
2017-10-23,97,40
2017-10-24,54,84
2017-10-25,99,33
2017-10-26,116,28
2017-10-27,80,81
2017-10-30,38,273
2017-10-31,48,97
2017-11-01,60,74
2017-11-02,44,95
2017-11-03,36,101
2017-11-06,55,50
2017-11-07,78,40
2017-11-08,84,21
2017-11-09,81,20
2017-11-10,108,41
2017-11-13,88,44
2017-11-14,73,84
2017-11-15,35,105
2017-11-16,40,108
2017-11-17,20,264
2017-11-20,20,125
2017-11-21,41,49
2017-11-22,38,42
2017-11-23,9,90
2017-11-24,27,76
2017-11-27,16,95
2017-11-28,28,42
2017-11-29,50,47
2017-11-30,43,51
2017-12-01,63,31
2017-12-04,47,46
2017-12-05,29,85
2017-12-06,48,45
2017-12-07,44,57
2017-12-08,69,21
2017-12-11,101,11
2017-12-12,77,51
2017-12-13,101,19
2017-12-14,102,29
2017-12-15,75,51
2017-12-18,62,62
2017-12-19,94,45
2017-12-20,55,80
2017-12-21,79,62
2017-12-22,59,62
2017-12-25,63,130
2017-12-26,81,50
2017-12-27,81,77
2017-12-28,112,51
2017-12-29,139,31
2018-01-02,199,21
2018-01-03,267,12
2018-01-04,266,25
2018-01-05,219,41
2018-01-08,151,82
2018-01-09,101,103
2018-01-10,62,209
2018-01-11,108,112
2018-01-12,62,137
2018-01-15,21,456
2018-01-16,53,176
2018-01-17,85,100
2018-01-18,100,70
2018-01-19,90,87
2018-01-22,126,54
2018-01-23,138,54
2018-01-24,158,38
2018-01-25,130,50
2018-01-26,91,106
2018-01-29,49,239
2018-01-30,52,180
2018-01-31,34,289
2018-02-01,14,360
2018-02-02,10,151
2018-02-05,22,86
2018-02-06,5,123
2018-02-07,13,59
2018-02-08,15,50
2018-02-09,10,100
2018-02-12,26,31
2018-02-13,32,15
2018-02-14,36,10
2018-02-22,69,2
2018-02-23,84,4
2018-02-26,160,2
2018-02-27,183,14
2018-02-28,178,14
2018-03-01,296,13
2018-03-02,215,27
2018-03-05,225,30
2018-03-06,315,10
2018-03-07,152,52
2018-03-08,273,28
2018-03-09,296,4
2018-03-12,222,5
2018-03-13,98,12
2018-03-14,27,48
2018-03-15,18,132
2018-03-16,20,190
2018-03-19,36,130
2018-03-20,64,159
2018-03-21,38,115
2018-03-22,63,148
2018-03-23,26,902
2018-03-26,15,287
2018-03-27,154,23
2018-03-28,120,57
2018-03-29,160,26
2018-03-30,228,14
2018-04-02,226,18
2018-04-03,117,91
2018-04-04,58,90
2018-04-09,71,95
2018-04-10,70,96
2018-04-11,99,41
2018-04-12,72,77
2018-04-13,64,72
2018-04-16,42,179
2018-04-17,14,297
2018-04-18,39,161
2018-04-19,70,106
2018-04-20,38,253
